"0","BiocInstaller::biocLite( pkgs = PKGS, lib = llib, dependencies = T)
"
"2","BioC_mirror: https://bioconductor.org
"
"2","Using Bioconductor 3.6 (BiocInstaller 1.28.0), R 3.4.2 (2017-09-28).
"
"2","Installing package(s) ‘GenomicRanges’, ‘GenomicAlignments’, ‘biomaRt’, ‘DESeq’
"
"2","also installing the dependencies ‘ProtGenerics’, ‘ensembldb’, ‘AnnotationFilter’, ‘affyio’, ‘preprocessCore’, ‘DelayedArray’, ‘RMySQL’, ‘biovizBase’, ‘interactiveDisplayBase’, ‘RcppArmadillo’, ‘hwriter’, ‘statmod’, ‘affy’, ‘IRanges’, ‘SummarizedExperiment’, ‘rtracklayer’, ‘BSgenome’, ‘GenomicFeatures’, ‘Gviz’, ‘VariantAnnotation’, ‘AnnotationHub’, ‘DESeq2’, ‘DEXSeq’, ‘KEGGgraph’, ‘BiocStyle’, ‘BSgenome.Hsapiens.UCSC.hg19’, ‘BSgenome.Scerevisiae.UCSC.sacCer2’, ‘KEGG.db’, ‘hgu95av2.db’, ‘org.Mm.eg.db’, ‘org.Sc.sgd.db’, ‘pasilla’, ‘pasillaBamSubset’, ‘TxDb.Athaliana.BioMart.plantsmart22’, ‘TxDb.Dmelanogaster.UCSC.dm3.ensGene’, ‘TxDb.Hsapiens.UCSC.hg19.knownGene’, ‘BSgenome.Mmusculus.UCSC.mm10’, ‘TxDb.Mmusculus.UCSC.mm10.knownGene’, ‘RNAseqData.HNRNPC.bam.chr14’, ‘hgu95av2probe’, ‘ShortRead’, ‘BSgenome.Dmelanogaster.UCSC.dm3’, ‘genefilter’, ‘geneplotter’, ‘vsn’

"
"2","trying URL 'https://bioconductor.org/packages/3.6/bioc/src/contrib/ProtGenerics_1.10.0.tar.gz'
"
"2","Content type 'application/x-gzip'"
"2"," length 3888 bytes
"
"2","="
"2","="
"2","="
"2","="
"2","="
"2","="
"2","="
"2","="
"2","="
"2","="
"2","="
"2","="
"2","="
"2","="
"2","="
"2","="
"2","="
"2","="
"2","="
"2","="
"2","="
"2","="
"2","="
"2","="
"2","="
"2","="
"2","="
"2","="
"2","="
"2","="
"2","="
"2","="
"2","="
"2","="
"2","="
"2","="
"2","="
"2","="
"2","="
"2","="
"2","="
"2","="
"2","="
"2","="
"2","="
"2","="
"2","="
"2","="
"2","="
"2","="
"2","
"
"2","downloaded 3888 bytes

"
"2","trying URL 'https://bioconductor.org/packages/3.6/bioc/src/contrib/ensembldb_2.2.0.tar.gz'
"
"2","Content type 'application/x-gzip'"
"2"," length 2781873 bytes (2.7 MB)
"
"2","="
"2","="
"2","="
"2","="
"2","="
"2","="
"2","="
"2","="
"2","="
"2","="
"2","="
"2","="
"2","="
"2","="
"2","="
"2","="
"2","="
"2","="
"2","="
"2","="
"2","="
"2","="
"2","="
"2","="
"2","="
"2","="
"2","="
"2","="
"2","="
"2","="
"2","="
"2","="
"2","="
"2","="
"2","="
"2","="
"2","="
"2","="
"2","="
"2","="
"2","="
"2","="
"2","="
"2","="
"2","="
"2","="
"2","="
"2","="
"2","="
"2","="
"2","
"
"2","downloaded 2.7 MB

"
"2","trying URL 'https://bioconductor.org/packages/3.6/bioc/src/contrib/AnnotationFilter_1.2.0.tar.gz'
"
"2","Content type 'application/x-gzip'"
"2"," length 357873 bytes (349 KB)
"
"2","="
"2","="
"2","="
"2","="
"2","="
"2","="
"2","="
"2","="
"2","="
"2","="
"2","="
"2","="
"2","="
"2","="
"2","="
"2","="
"2","="
"2","="
"2","="
"2","="
"2","="
"2","="
"2","="
"2","="
"2","="
"2","="
"2","="
"2","="
"2","="
"2","="
"2","="
"2","="
"2","="
"2","="
"2","="
"2","="
"2","="
"2","="
"2","="
"2","="
"2","="
"2","="
"2","="
"2","="
"2","="
"2","="
"2","="
"2","="
"2","="
"2","="
"2","
"
"2","downloaded 349 KB

"
"2","trying URL 'https://bioconductor.org/packages/3.6/bioc/src/contrib/affyio_1.48.0.tar.gz'
"
"2","Content type 'application/x-gzip'"
"2"," length 109369 bytes (106 KB)
"
"2","="
"2","="
"2","="
"2","="
"2","="
"2","="
"2","="
"2","="
"2","="
"2","="
"2","="
"2","="
"2","="
"2","="
"2","="
"2","="
"2","="
"2","="
"2","="
"2","="
"2","="
"2","="
"2","="
"2","="
"2","="
"2","="
"2","="
"2","="
"2","="
"2","="
"2","="
"2","="
"2","="
"2","="
"2","="
"2","="
"2","="
"2","="
"2","="
"2","="
"2","="
"2","="
"2","="
"2","="
"2","="
"2","="
"2","="
"2","="
"2","="
"2","="
"2","
"
"2","downloaded 106 KB

"
"2","trying URL 'https://bioconductor.org/packages/3.6/bioc/src/contrib/preprocessCore_1.40.0.tar.gz'
"
"2","Content type 'application/x-gzip'"
"2"," length 122823 bytes (119 KB)
"
"2","="
"2","="
"2","="
"2","="
"2","="
"2","="
"2","="
"2","="
"2","="
"2","="
"2","="
"2","="
"2","="
"2","="
"2","="
"2","="
"2","="
"2","="
"2","="
"2","="
"2","="
"2","="
"2","="
"2","="
"2","="
"2","="
"2","="
"2","="
"2","="
"2","="
"2","="
"2","="
"2","="
"2","="
"2","="
"2","="
"2","="
"2","="
"2","="
"2","="
"2","="
"2","="
"2","="
"2","="
"2","="
"2","="
"2","="
"2","="
"2","="
"2","="
"2","
"
"2","downloaded 119 KB

"
"2","trying URL 'https://bioconductor.org/packages/3.6/bioc/src/contrib/DelayedArray_0.4.1.tar.gz'
"
"2","Content type 'application/x-gzip'"
"2"," length 241117 bytes (235 KB)
"
"2","="
"2","="
"2","="
"2","="
"2","="
"2","="
"2","="
"2","="
"2","="
"2","="
"2","="
"2","="
"2","="
"2","="
"2","="
"2","="
"2","="
"2","="
"2","="
"2","="
"2","="
"2","="
"2","="
"2","="
"2","="
"2","="
"2","="
"2","="
"2","="
"2","="
"2","="
"2","="
"2","="
"2","="
"2","="
"2","="
"2","="
"2","="
"2","="
"2","="
"2","="
"2","="
"2","="
"2","="
"2","="
"2","="
"2","="
"2","="
"2","="
"2","="
"2","
"
"2","downloaded 235 KB

"
"2","trying URL 'https://cran.rstudio.com/src/contrib/RMySQL_0.10.13.tar.gz'
"
"2","Content type 'application/x-gzip'"
"2"," length 54257 bytes (52 KB)
"
"2","="
"2","="
"2","="
"2","="
"2","="
"2","="
"2","="
"2","="
"2","="
"2","="
"2","="
"2","="
"2","="
"2","="
"2","="
"2","="
"2","="
"2","="
"2","="
"2","="
"2","="
"2","="
"2","="
"2","="
"2","="
"2","="
"2","="
"2","="
"2","="
"2","="
"2","="
"2","="
"2","="
"2","="
"2","="
"2","="
"2","="
"2","="
"2","="
"2","="
"2","="
"2","="
"2","="
"2","="
"2","="
"2","="
"2","="
"2","="
"2","="
"2","="
"2","
"
"2","downloaded 52 KB

"
"2","trying URL 'https://bioconductor.org/packages/3.6/bioc/src/contrib/biovizBase_1.26.0.tar.gz'
"
"2","Content type 'application/x-gzip'"
"2"," length 2431813 bytes (2.3 MB)
"
"2","="
"2","="
"2","="
"2","="
"2","="
"2","="
"2","="
"2","="
"2","="
"2","="
"2","="
"2","="
"2","="
"2","="
"2","="
"2","="
"2","="
"2","="
"2","="
"2","="
"2","="
"2","="
"2","="
"2","="
"2","="
"2","="
"2","="
"2","="
"2","="
"2","="
"2","="
"2","="
"2","="
"2","="
"2","="
"2","="
"2","="
"2","="
"2","="
"2","="
"2","="
"2","="
"2","="
"2","="
"2","="
"2","="
"2","="
"2","="
"2","="
"2","="
"2","
"
"2","downloaded 2.3 MB

"
"2","trying URL 'https://bioconductor.org/packages/3.6/bioc/src/contrib/interactiveDisplayBase_1.16.0.tar.gz'
"
"2","Content type 'application/x-gzip'"
"2"," length 13786 bytes (13 KB)
"
"2","="
"2","="
"2","="
"2","="
"2","="
"2","="
"2","="
"2","="
"2","="
"2","="
"2","="
"2","="
"2","="
"2","="
"2","="
"2","="
"2","="
"2","="
"2","="
"2","="
"2","="
"2","="
"2","="
"2","="
"2","="
"2","="
"2","="
"2","="
"2","="
"2","="
"2","="
"2","="
"2","="
"2","="
"2","="
"2","="
"2","="
"2","="
"2","="
"2","="
"2","="
"2","="
"2","="
"2","="
"2","="
"2","="
"2","="
"2","="
"2","="
"2","="
"2","
"
"2","downloaded 13 KB

"
"2","trying URL 'https://cran.rstudio.com/src/contrib/RcppArmadillo_0.8.100.1.0.tar.gz'
"
"2","Content type 'application/x-gzip'"
"2"," length 1312598 bytes (1.3 MB)
"
"2","="
"2","="
"2","="
"2","="
"2","="
"2","="
"2","="
"2","="
"2","="
"2","="
"2","="
"2","="
"2","="
"2","="
"2","="
"2","="
"2","="
"2","="
"2","="
"2","="
"2","="
"2","="
"2","="
"2","="
"2","="
"2","="
"2","="
"2","="
"2","="
"2","="
"2","="
"2","="
"2","="
"2","="
"2","="
"2","="
"2","="
"2","="
"2","="
"2","="
"2","="
"2","="
"2","="
"2","="
"2","="
"2","="
"2","="
"2","="
"2","="
"2","="
"2","
"
"2","downloaded 1.3 MB

"
"2","trying URL 'https://cran.rstudio.com/src/contrib/hwriter_1.3.2.tar.gz'
"
"2","Content type 'application/x-gzip'"
"2"," length 114012 bytes (111 KB)
"
"2","="
"2","="
"2","="
"2","="
"2","="
"2","="
"2","="
"2","="
"2","="
"2","="
"2","="
"2","="
"2","="
"2","="
"2","="
"2","="
"2","="
"2","="
"2","="
"2","="
"2","="
"2","="
"2","="
"2","="
"2","="
"2","="
"2","="
"2","="
"2","="
"2","="
"2","="
"2","="
"2","="
"2","="
"2","="
"2","="
"2","="
"2","="
"2","="
"2","="
"2","="
"2","="
"2","="
"2","="
"2","="
"2","="
"2","="
"2","="
"2","="
"2","="
"2","
"
"2","downloaded 111 KB

"
"2","trying URL 'https://cran.rstudio.com/src/contrib/statmod_1.4.30.tar.gz'
"
"2","Content type 'application/x-gzip'"
"2"," length 57309 bytes (55 KB)
"
"2","="
"2","="
"2","="
"2","="
"2","="
"2","="
"2","="
"2","="
"2","="
"2","="
"2","="
"2","="
"2","="
"2","="
"2","="
"2","="
"2","="
"2","="
"2","="
"2","="
"2","="
"2","="
"2","="
"2","="
"2","="
"2","="
"2","="
"2","="
"2","="
"2","="
"2","="
"2","="
"2","="
"2","="
"2","="
"2","="
"2","="
"2","="
"2","="
"2","="
"2","="
"2","="
"2","="
"2","="
"2","="
"2","="
"2","="
"2","="
"2","="
"2","="
"2","
"
"2","downloaded 55 KB

"
"2","trying URL 'https://bioconductor.org/packages/3.6/bioc/src/contrib/affy_1.56.0.tar.gz'
"
"2","Content type 'application/x-gzip'"
"2"," length 1316772 bytes (1.3 MB)
"
"2","="
"2","="
"2","="
"2","="
"2","="
"2","="
"2","="
"2","="
"2","="
"2","="
"2","="
"2","="
"2","="
"2","="
"2","="
"2","="
"2","="
"2","="
"2","="
"2","="
"2","="
"2","="
"2","="
"2","="
"2","="
"2","="
"2","="
"2","="
"2","="
"2","="
"2","="
"2","="
"2","="
"2","="
"2","="
"2","="
"2","="
"2","="
"2","="
"2","="
"2","="
"2","="
"2","="
"2","="
"2","="
"2","="
"2","="
"2","="
"2","="
"2","="
"2","
"
"2","downloaded 1.3 MB

"
"2","trying URL 'https://bioconductor.org/packages/3.6/bioc/src/contrib/IRanges_2.12.0.tar.gz'
"
"2","Content type 'application/x-gzip'"
"2"," length 485066 bytes (473 KB)
"
"2","="
"2","="
"2","="
"2","="
"2","="
"2","="
"2","="
"2","="
"2","="
"2","="
"2","="
"2","="
"2","="
"2","="
"2","="
"2","="
"2","="
"2","="
"2","="
"2","="
"2","="
"2","="
"2","="
"2","="
"2","="
"2","="
"2","="
"2","="
"2","="
"2","="
"2","="
"2","="
"2","="
"2","="
"2","="
"2","="
"2","="
"2","="
"2","="
"2","="
"2","="
"2","="
"2","="
"2","="
"2","="
"2","="
"2","="
"2","="
"2","="
"2","="
"2","
"
"2","downloaded 473 KB

"
"2","trying URL 'https://bioconductor.org/packages/3.6/bioc/src/contrib/SummarizedExperiment_1.8.0.tar.gz'
"
"2","Content type 'application/x-gzip'"
"2"," length 1191003 bytes (1.1 MB)
"
"2","="
"2","="
"2","="
"2","="
"2","="
"2","="
"2","="
"2","="
"2","="
"2","="
"2","="
"2","="
"2","="
"2","="
"2","="
"2","="
"2","="
"2","="
"2","="
"2","="
"2","="
"2","="
"2","="
"2","="
"2","="
"2","="
"2","="
"2","="
"2","="
"2","="
"2","="
"2","="
"2","="
"2","="
"2","="
"2","="
"2","="
"2","="
"2","="
"2","="
"2","="
"2","="
"2","="
"2","="
"2","="
"2","="
"2","="
"2","="
"2","="
"2","="
"2","
"
"2","downloaded 1.1 MB

"
"2","trying URL 'https://bioconductor.org/packages/3.6/bioc/src/contrib/rtracklayer_1.38.0.tar.gz'
"
"2","Content type 'application/x-gzip'"
"2"," length 1379800 bytes (1.3 MB)
"
"2","="
"2","="
"2","="
"2","="
"2","="
"2","="
"2","="
"2","="
"2","="
"2","="
"2","="
"2","="
"2","="
"2","="
"2","="
"2","="
"2","="
"2","="
"2","="
"2","="
"2","="
"2","="
"2","="
"2","="
"2","="
"2","="
"2","="
"2","="
"2","="
"2","="
"2","="
"2","="
"2","="
"2","="
"2","="
"2","="
"2","="
"2","="
"2","="
"2","="
"2","="
"2","="
"2","="
"2","="
"2","="
"2","="
"2","="
"2","="
"2","="
"2","="
"2","
"
"2","downloaded 1.3 MB

"
"2","trying URL 'https://bioconductor.org/packages/3.6/bioc/src/contrib/BSgenome_1.46.0.tar.gz'
"
"2","Content type 'application/x-gzip'"
"2"," length 6064527 bytes (5.8 MB)
"
"2","="
"2","="
"2","="
"2","="
"2","="
"2","="
"2","="
"2","="
"2","="
"2","="
"2","="
"2","="
"2","="
"2","="
"2","="
"2","="
"2","="
"2","="
"2","="
"2","="
"2","="
"2","="
"2","="
"2","="
"2","="
"2","="
"2","="
"2","="
"2","="
"2","="
"2","="
"2","="
"2","="
"2","="
"2","="
"2","="
"2","="
"2","="
"2","="
"2","="
"2","="
"2","="
"2","="
"2","="
"2","="
"2","="
"2","="
"2","="
"2","="
"2","="
"2","
"
"2","downloaded 5.8 MB

"
"2","trying URL 'https://bioconductor.org/packages/3.6/bioc/src/contrib/GenomicFeatures_1.30.0.tar.gz'
"
"2","Content type 'application/x-gzip'"
"2"," length 892728 bytes (871 KB)
"
"2","="
"2","="
"2","="
"2","="
"2","="
"2","="
"2","="
"2","="
"2","="
"2","="
"2","="
"2","="
"2","="
"2","="
"2","="
"2","="
"2","="
"2","="
"2","="
"2","="
"2","="
"2","="
"2","="
"2","="
"2","="
"2","="
"2","="
"2","="
"2","="
"2","="
"2","="
"2","="
"2","="
"2","="
"2","="
"2","="
"2","="
"2","="
"2","="
"2","="
"2","="
"2","="
"2","="
"2","="
"2","="
"2","="
"2","="
"2","="
"2","="
"2","="
"2","
"
"2","downloaded 871 KB

"
"2","trying URL 'https://bioconductor.org/packages/3.6/bioc/src/contrib/Gviz_1.22.0.tar.gz'
"
"2","Content type 'application/x-gzip'"
"2"," length 3475993 bytes (3.3 MB)
"
"2","="
"2","="
"2","="
"2","="
"2","="
"2","="
"2","="
"2","="
"2","="
"2","="
"2","="
"2","="
"2","="
"2","="
"2","="
"2","="
"2","="
"2","="
"2","="
"2","="
"2","="
"2","="
"2","="
"2","="
"2","="
"2","="
"2","="
"2","="
"2","="
"2","="
"2","="
"2","="
"2","="
"2","="
"2","="
"2","="
"2","="
"2","="
"2","="
"2","="
"2","="
"2","="
"2","="
"2","="
"2","="
"2","="
"2","="
"2","="
"2","="
"2","="
"2","
"
"2","downloaded 3.3 MB

"
"2","trying URL 'https://bioconductor.org/packages/3.6/bioc/src/contrib/VariantAnnotation_1.24.0.tar.gz'
"
"2","Content type 'application/x-gzip'"
"2"," length 1720431 bytes (1.6 MB)
"
"2","="
"2","="
"2","="
"2","="
"2","="
"2","="
"2","="
"2","="
"2","="
"2","="
"2","="
"2","="
"2","="
"2","="
"2","="
"2","="
"2","="
"2","="
"2","="
"2","="
"2","="
"2","="
"2","="
"2","="
"2","="
"2","="
"2","="
"2","="
"2","="
"2","="
"2","="
"2","="
"2","="
"2","="
"2","="
"2","="
"2","="
"2","="
"2","="
"2","="
"2","="
"2","="
"2","="
"2","="
"2","="
"2","="
"2","="
"2","="
"2","="
"2","="
"2","
"
"2","downloaded 1.6 MB

"
"2","trying URL 'https://bioconductor.org/packages/3.6/bioc/src/contrib/AnnotationHub_2.10.0.tar.gz'
"
"2","Content type 'application/x-gzip'"
"2"," length 1100227 bytes (1.0 MB)
"
"2","="
"2","="
"2","="
"2","="
"2","="
"2","="
"2","="
"2","="
"2","="
"2","="
"2","="
"2","="
"2","="
"2","="
"2","="
"2","="
"2","="
"2","="
"2","="
"2","="
"2","="
"2","="
"2","="
"2","="
"2","="
"2","="
"2","="
"2","="
"2","="
"2","="
"2","="
"2","="
"2","="
"2","="
"2","="
"2","="
"2","="
"2","="
"2","="
"2","="
"2","="
"2","="
"2","="
"2","="
"2","="
"2","="
"2","="
"2","="
"2","="
"2","="
"2","
"
"2","downloaded 1.0 MB

"
"2","trying URL 'https://bioconductor.org/packages/3.6/bioc/src/contrib/DESeq2_1.18.0.tar.gz'
"
"2","Content type 'application/x-gzip'"
"2"," length 2139689 bytes (2.0 MB)
"
"2","="
"2","="
"2","="
"2","="
"2","="
"2","="
"2","="
"2","="
"2","="
"2","="
"2","="
"2","="
"2","="
"2","="
"2","="
"2","="
"2","="
"2","="
"2","="
"2","="
"2","="
"2","="
"2","="
"2","="
"2","="
"2","="
"2","="
"2","="
"2","="
"2","="
"2","="
"2","="
"2","="
"2","="
"2","="
"2","="
"2","="
"2","="
"2","="
"2","="
"2","="
"2","="
"2","="
"2","="
"2","="
"2","="
"2","="
"2","="
"2","="
"2","="
"2","
"
"2","downloaded 2.0 MB

"
"2","trying URL 'https://bioconductor.org/packages/3.6/bioc/src/contrib/DEXSeq_1.24.0.tar.gz'
"
"2","Content type 'application/x-gzip'"
"2"," length 550259 bytes (537 KB)
"
"2","="
"2","="
"2","="
"2","="
"2","="
"2","="
"2","="
"2","="
"2","="
"2","="
"2","="
"2","="
"2","="
"2","="
"2","="
"2","="
"2","="
"2","="
"2","="
"2","="
"2","="
"2","="
"2","="
"2","="
"2","="
"2","="
"2","="
"2","="
"2","="
"2","="
"2","="
"2","="
"2","="
"2","="
"2","="
"2","="
"2","="
"2","="
"2","="
"2","="
"2","="
"2","="
"2","="
"2","="
"2","="
"2","="
"2","="
"2","="
"2","="
"2","="
"2","
"
"2","downloaded 537 KB

"
"2","trying URL 'https://bioconductor.org/packages/3.6/bioc/src/contrib/KEGGgraph_1.38.0.tar.gz'
"
"2","Content type 'application/x-gzip'"
"2"," length 1493740 bytes (1.4 MB)
"
"2","="
"2","="
"2","="
"2","="
"2","="
"2","="
"2","="
"2","="
"2","="
"2","="
"2","="
"2","="
"2","="
"2","="
"2","="
"2","="
"2","="
"2","="
"2","="
"2","="
"2","="
"2","="
"2","="
"2","="
"2","="
"2","="
"2","="
"2","="
"2","="
"2","="
"2","="
"2","="
"2","="
"2","="
"2","="
"2","="
"2","="
"2","="
"2","="
"2","="
"2","="
"2","="
"2","="
"2","="
"2","="
"2","="
"2","="
"2","="
"2","="
"2","="
"2","
"
"2","downloaded 1.4 MB

"
"2","trying URL 'https://bioconductor.org/packages/3.6/bioc/src/contrib/BiocStyle_2.6.0.tar.gz'
"
"2","Content type 'application/x-gzip'"
"2"," length 761526 bytes (743 KB)
"
"2","="
"2","="
"2","="
"2","="
"2","="
"2","="
"2","="
"2","="
"2","="
"2","="
"2","="
"2","="
"2","="
"2","="
"2","="
"2","="
"2","="
"2","="
"2","="
"2","="
"2","="
"2","="
"2","="
"2","="
"2","="
"2","="
"2","="
"2","="
"2","="
"2","="
"2","="
"2","="
"2","="
"2","="
"2","="
"2","="
"2","="
"2","="
"2","="
"2","="
"2","="
"2","="
"2","="
"2","="
"2","="
"2","="
"2","="
"2","="
"2","="
"2","="
"2","
"
"2","downloaded 743 KB

"
"2","trying URL 'https://bioconductor.org/packages/3.6/data/annotation/src/contrib/BSgenome.Hsapiens.UCSC.hg19_1.4.0.tar.gz'
"
"2","Content type 'application/x-gzip'"
"2"," length 688190187 bytes (656.3 MB)
"
"2","="
"2","="
"2","="
"2","="
"2","="
"2","="
"2","="
"2","="
"2","="
"2","="
"2","="
"2","="
"2","="
"2","="
"2","="
"2","="
"2","="
"2","="
"2","="
"2","="
"2","="
"2","="
"2","="
"2","="
"2","="
"2","="
"2","="
"2","="
"2","="
"2","="
"2","="
"2","="
"2","="
"2","="
"2","="
"2","="
"2","="
"2","="
"2","="
"2","="
"2","="
"2","="
"2","="
"2","="
"2","="
"2","="
"2","="
"2","="
"2","="
"2","="
"2","
"
"2","downloaded 656.3 MB

"
"2","trying URL 'https://bioconductor.org/packages/3.6/data/annotation/src/contrib/BSgenome.Scerevisiae.UCSC.sacCer2_1.4.0.tar.gz'
"
"2","Content type 'application/x-gzip'"
"2"," length 2967843 bytes (2.8 MB)
"
"2","="
"2","="
"2","="
"2","="
"2","="
"2","="
"2","="
"2","="
"2","="
"2","="
"2","="
"2","="
"2","="
"2","="
"2","="
"2","="
"2","="
"2","="
"2","="
"2","="
"2","="
"2","="
"2","="
"2","="
"2","="
"2","="
"2","="
"2","="
"2","="
"2","="
"2","="
"2","="
"2","="
"2","="
"2","="
"2","="
"2","="
"2","="
"2","="
"2","="
"2","="
"2","="
"2","="
"2","="
"2","="
"2","="
"2","="
"2","="
"2","="
"2","="
"2","
"
"2","downloaded 2.8 MB

"
"2","trying URL 'https://bioconductor.org/packages/3.6/data/annotation/src/contrib/KEGG.db_3.2.3.tar.gz'
"
"2","Content type 'application/x-gzip'"
"2"," length 1976342 bytes (1.9 MB)
"
"2","="
"2","="
"2","="
"2","="
"2","="
"2","="
"2","="
"2","="
"2","="
"2","="
"2","="
"2","="
"2","="
"2","="
"2","="
"2","="
"2","="
"2","="
"2","="
"2","="
"2","="
"2","="
"2","="
"2","="
"2","="
"2","="
"2","="
"2","="
"2","="
"2","="
"2","="
"2","="
"2","="
"2","="
"2","="
"2","="
"2","="
"2","="
"2","="
"2","="
"2","="
"2","="
"2","="
"2","="
"2","="
"2","="
"2","="
"2","="
"2","="
"2","="
"2","
"
"2","downloaded 1.9 MB

"
"2","trying URL 'https://bioconductor.org/packages/3.6/data/annotation/src/contrib/hgu95av2.db_3.2.3.tar.gz'
"
"2","Content type 'application/x-gzip'"
"2"," length 502594 bytes (490 KB)
"
"2","="
"2","="
"2","="
"2","="
"2","="
"2","="
"2","="
"2","="
"2","="
"2","="
"2","="
"2","="
"2","="
"2","="
"2","="
"2","="
"2","="
"2","="
"2","="
"2","="
"2","="
"2","="
"2","="
"2","="
"2","="
"2","="
"2","="
"2","="
"2","="
"2","="
"2","="
"2","="
"2","="
"2","="
"2","="
"2","="
"2","="
"2","="
"2","="
"2","="
"2","="
"2","="
"2","="
"2","="
"2","="
"2","="
"2","="
"2","="
"2","="
"2","="
"2","
"
"2","downloaded 490 KB

"
"2","trying URL 'https://bioconductor.org/packages/3.6/data/annotation/src/contrib/org.Mm.eg.db_3.4.2.tar.gz'
"
"2","Content type 'application/x-gzip'"
"2"," length 65608939 bytes (62.6 MB)
"
"2","="
"2","="
"2","="
"2","="
"2","="
"2","="
"2","="
"2","="
"2","="
"2","="
"2","="
"2","="
"2","="
"2","="
"2","="
"2","="
"2","="
"2","="
"2","="
"2","="
"2","="
"2","="
"2","="
"2","="
"2","="
"2","="
"2","="
"2","="
"2","="
"2","="
"2","="
"2","="
"2","="
"2","="
"2","="
"2","="
"2","="
"2","="
"2","="
"2","="
"2","="
"2","="
"2","="
"2","="
"2","="
"2","="
"2","="
"2","="
"2","="
"2","="
"2","
"
"2","downloaded 62.6 MB

"
"2","trying URL 'https://bioconductor.org/packages/3.6/data/annotation/src/contrib/org.Sc.sgd.db_3.4.2.tar.gz'
"
"2","Content type 'application/x-gzip'"
"2"," length 21386620 bytes (20.4 MB)
"
"2","="
"2","="
"2","="
"2","="
"2","="
"2","="
"2","="
"2","="
"2","="
"2","="
"2","="
"2","="
"2","="
"2","="
"2","="
"2","="
"2","="
"2","="
"2","="
"2","="
"2","="
"2","="
"2","="
"2","="
"2","="
"2","="
"2","="
"2","="
"2","="
"2","="
"2","="
"2","="
"2","="
"2","="
"2","="
"2","="
"2","="
"2","="
"2","="
"2","="
"2","="
"2","="
"2","="
"2","="
"2","="
"2","="
"2","="
"2","="
"2","="
"2","="
"2","
"
"2","downloaded 20.4 MB

"
"2","trying URL 'https://bioconductor.org/packages/3.6/data/experiment/src/contrib/pasilla_1.6.0.tar.gz'
"
"2","Content type 'application/x-gzip'"
"2"," length 3881755 bytes (3.7 MB)
"
"2","="
"2","="
"2","="
"2","="
"2","="
"2","="
"2","="
"2","="
"2","="
"2","="
"2","="
"2","="
"2","="
"2","="
"2","="
"2","="
"2","="
"2","="
"2","="
"2","="
"2","="
"2","="
"2","="
"2","="
"2","="
"2","="
"2","="
"2","="
"2","="
"2","="
"2","="
"2","="
"2","="
"2","="
"2","="
"2","="
"2","="
"2","="
"2","="
"2","="
"2","="
"2","="
"2","="
"2","="
"2","="
"2","="
"2","="
"2","="
"2","="
"2","="
"2","
"
"2","downloaded 3.7 MB

"
"2","trying URL 'https://bioconductor.org/packages/3.6/data/experiment/src/contrib/pasillaBamSubset_0.16.0.tar.gz'
"
"2","Content type 'application/x-gzip'"
"2"," length 15739933 bytes (15.0 MB)
"
"2","="
"2","="
"2","="
"2","="
"2","="
"2","="
"2","="
"2","="
"2","="
"2","="
"2","="
"2","="
"2","="
"2","="
"2","="
"2","="
"2","="
"2","="
"2","="
"2","="
"2","="
"2","="
"2","="
"2","="
"2","="
"2","="
"2","="
"2","="
"2","="
"2","="
"2","="
"2","="
"2","="
"2","="
"2","="
"2","="
"2","="
"2","="
"2","="
"2","="
"2","="
"2","="
"2","="
"2","="
"2","="
"2","="
"2","="
"2","="
"2","="
"2","="
"2","
"
"2","downloaded 15.0 MB

"
"2","trying URL 'https://bioconductor.org/packages/3.6/data/annotation/src/contrib/TxDb.Athaliana.BioMart.plantsmart22_3.0.1.tar.gz'
"
"2","Content type 'application/x-gzip'"
"2"," length 8890860 bytes (8.5 MB)
"
"2","="
"2","="
"2","="
"2","="
"2","="
"2","="
"2","="
"2","="
"2","="
"2","="
"2","="
"2","="
"2","="
"2","="
"2","="
"2","="
"2","="
"2","="
"2","="
"2","="
"2","="
"2","="
"2","="
"2","="
"2","="
"2","="
"2","="
"2","="
"2","="
"2","="
"2","="
"2","="
"2","="
"2","="
"2","="
"2","="
"2","="
"2","="
"2","="
"2","="
"2","="
"2","="
"2","="
"2","="
"2","="
"2","="
"2","="
"2","="
"2","="
"2","="
"2","
"
"2","downloaded 8.5 MB

"
"2","trying URL 'https://bioconductor.org/packages/3.6/data/annotation/src/contrib/TxDb.Dmelanogaster.UCSC.dm3.ensGene_3.2.2.tar.gz'
"
"2","Content type 'application/x-gzip'"
"2"," length 4588884 bytes (4.4 MB)
"
"2","="
"2","="
"2","="
"2","="
"2","="
"2","="
"2","="
"2","="
"2","="
"2","="
"2","="
"2","="
"2","="
"2","="
"2","="
"2","="
"2","="
"2","="
"2","="
"2","="
"2","="
"2","="
"2","="
"2","="
"2","="
"2","="
"2","="
"2","="
"2","="
"2","="
"2","="
"2","="
"2","="
"2","="
"2","="
"2","="
"2","="
"2","="
"2","="
"2","="
"2","="
"2","="
"2","="
"2","="
"2","="
"2","="
"2","="
"2","="
"2","="
"2","="
"2","
"
"2","downloaded 4.4 MB

"
"2","trying URL 'https://bioconductor.org/packages/3.6/data/annotation/src/contrib/TxDb.Hsapiens.UCSC.hg19.knownGene_3.2.2.tar.gz'
"
"2","Content type 'application/x-gzip'"
"2"," length 18669702 bytes (17.8 MB)
"
"2","="
"2","="
"2","="
"2","="
"2","="
"2","="
"2","="
"2","="
"2","="
"2","="
"2","="
"2","="
"2","="
"2","="
"2","="
"2","="
"2","="
"2","="
"2","="
"2","="
"2","="
"2","="
"2","="
"2","="
"2","="
"2","="
"2","="
"2","="
"2","="
"2","="
"2","="
"2","="
"2","="
"2","="
"2","="
"2","="
"2","="
"2","="
"2","="
"2","="
"2","="
"2","="
"2","="
"2","="
"2","="
"2","="
"2","="
"2","="
"2","="
"2","="
"2","
"
"2","downloaded 17.8 MB

"
"2","trying URL 'https://bioconductor.org/packages/3.6/data/annotation/src/contrib/BSgenome.Mmusculus.UCSC.mm10_1.4.0.tar.gz'
"
"2","Content type 'application/x-gzip'"
"2"," length 629306686 bytes (600.2 MB)
"
"2","="
"2","="
"2","="
"2","="
"2","="
"2","="
"2","="
"2","="
"2","="
"2","="
"2","="
"2","="
"2","="
"2","="
"2","="
"2","="
"2","="
"2","="
"2","="
"2","="
"2","="
"2","="
"2","="
"2","="
"2","="
"2","="
"2","="
"2","="
"2","="
"2","="
"2","="
"2","="
"2","="
"2","="
"2","="
"2","="
"2","="
"2","="
"2","="
"2","="
"2","="
"2","="
"2","="
"2","="
"2","="
"2","="
"2","="
"2","="
"2","="
"2","="
"2","
"
"2","downloaded 600.2 MB

"
"2","trying URL 'https://bioconductor.org/packages/3.6/data/annotation/src/contrib/TxDb.Mmusculus.UCSC.mm10.knownGene_3.4.0.tar.gz'
"
"2","Content type 'application/x-gzip'"
"2"," length 14287126 bytes (13.6 MB)
"
"2","="
"2","="
"2","="
"2","="
"2","="
"2","="
"2","="
"2","="
"2","="
"2","="
"2","="
"2","="
"2","="
"2","="
"2","="
"2","="
"2","="
"2","="
"2","="
"2","="
"2","="
"2","="
"2","="
"2","="
"2","="
"2","="
"2","="
"2","="
"2","="
"2","="
"2","="
"2","="
"2","="
"2","="
"2","="
"2","="
"2","="
"2","="
"2","="
"2","="
"2","="
"2","="
"2","="
"2","="
"2","="
"2","="
"2","="
"2","="
"2","="
"2","="
"2","
"
"2","downloaded 13.6 MB

"
"2","trying URL 'https://bioconductor.org/packages/3.6/data/experiment/src/contrib/RNAseqData.HNRNPC.bam.chr14_0.16.0.tar.gz'
"
"2","Content type 'application/x-gzip'"
"2"," length 348683495 bytes (332.5 MB)
"
"2","="
"2","="
"2","="
"2","="
"2","="
"2","="
"2","="
"2","="
"2","="
"2","="
"2","="
"2","="
"2","="
"2","="
"2","="
"2","="
"2","="
"2","="
"2","="
"2","="
"2","="
"2","="
"2","="
"2","="
"2","="
"2","="
"2","="
"2","="
"2","="
"2","="
"2","="
"2","="
"2","="
"2","="
"2","="
"2","="
"2","="
"2","="
"2","="
"2","="
"2","="
"2","="
"2","="
"2","="
"2","="
"2","="
"2","="
"2","="
"2","="
"2","="
"2","
"
"2","downloaded 332.5 MB

"
"2","trying URL 'https://bioconductor.org/packages/3.6/data/annotation/src/contrib/hgu95av2probe_2.18.0.tar.gz'
"
"2","Content type 'application/x-gzip'"
"2"," length 2543313 bytes (2.4 MB)
"
"2","="
"2","="
"2","="
"2","="
"2","="
"2","="
"2","="
"2","="
"2","="
"2","="
"2","="
"2","="
"2","="
"2","="
"2","="
"2","="
"2","="
"2","="
"2","="
"2","="
"2","="
"2","="
"2","="
"2","="
"2","="
"2","="
"2","="
"2","="
"2","="
"2","="
"2","="
"2","="
"2","="
"2","="
"2","="
"2","="
"2","="
"2","="
"2","="
"2","="
"2","="
"2","="
"2","="
"2","="
"2","="
"2","="
"2","="
"2","="
"2","="
"2","="
"2","
"
"2","downloaded 2.4 MB

"
"2","trying URL 'https://bioconductor.org/packages/3.6/bioc/src/contrib/ShortRead_1.36.0.tar.gz'
"
"2","Content type 'application/x-gzip'"
"2"," length 5182437 bytes (4.9 MB)
"
"2","="
"2","="
"2","="
"2","="
"2","="
"2","="
"2","="
"2","="
"2","="
"2","="
"2","="
"2","="
"2","="
"2","="
"2","="
"2","="
"2","="
"2","="
"2","="
"2","="
"2","="
"2","="
"2","="
"2","="
"2","="
"2","="
"2","="
"2","="
"2","="
"2","="
"2","="
"2","="
"2","="
"2","="
"2","="
"2","="
"2","="
"2","="
"2","="
"2","="
"2","="
"2","="
"2","="
"2","="
"2","="
"2","="
"2","="
"2","="
"2","="
"2","="
"2","
"
"2","downloaded 4.9 MB

"
"2","trying URL 'https://bioconductor.org/packages/3.6/data/annotation/src/contrib/BSgenome.Dmelanogaster.UCSC.dm3_1.4.0.tar.gz'
"
"2","Content type 'application/x-gzip'"
"2"," length 38546795 bytes (36.8 MB)
"
"2","="
"2","="
"2","="
"2","="
"2","="
"2","="
"2","="
"2","="
"2","="
"2","="
"2","="
"2","="
"2","="
"2","="
"2","="
"2","="
"2","="
"2","="
"2","="
"2","="
"2","="
"2","="
"2","="
"2","="
"2","="
"2","="
"2","="
"2","="
"2","="
"2","="
"2","="
"2","="
"2","="
"2","="
"2","="
"2","="
"2","="
"2","="
"2","="
"2","="
"2","="
"2","="
"2","="
"2","="
"2","="
"2","="
"2","="
"2","="
"2","="
"2","="
"2","
"
"2","downloaded 36.8 MB

"
"2","trying URL 'https://bioconductor.org/packages/3.6/bioc/src/contrib/genefilter_1.60.0.tar.gz'
"
"2","Content type 'application/x-gzip'"
"2"," length 1432282 bytes (1.4 MB)
"
"2","="
"2","="
"2","="
"2","="
"2","="
"2","="
"2","="
"2","="
"2","="
"2","="
"2","="
"2","="
"2","="
"2","="
"2","="
"2","="
"2","="
"2","="
"2","="
"2","="
"2","="
"2","="
"2","="
"2","="
"2","="
"2","="
"2","="
"2","="
"2","="
"2","="
"2","="
"2","="
"2","="
"2","="
"2","="
"2","="
"2","="
"2","="
"2","="
"2","="
"2","="
"2","="
"2","="
"2","="
"2","="
"2","="
"2","="
"2","="
"2","="
"2","="
"2","
"
"2","downloaded 1.4 MB

"
"2","trying URL 'https://bioconductor.org/packages/3.6/bioc/src/contrib/geneplotter_1.56.0.tar.gz'
"
"2","Content type 'application/x-gzip'"
"2"," length 1428448 bytes (1.4 MB)
"
"2","="
"2","="
"2","="
"2","="
"2","="
"2","="
"2","="
"2","="
"2","="
"2","="
"2","="
"2","="
"2","="
"2","="
"2","="
"2","="
"2","="
"2","="
"2","="
"2","="
"2","="
"2","="
"2","="
"2","="
"2","="
"2","="
"2","="
"2","="
"2","="
"2","="
"2","="
"2","="
"2","="
"2","="
"2","="
"2","="
"2","="
"2","="
"2","="
"2","="
"2","="
"2","="
"2","="
"2","="
"2","="
"2","="
"2","="
"2","="
"2","="
"2","="
"2","
"
"2","downloaded 1.4 MB

"
"2","trying URL 'https://bioconductor.org/packages/3.6/bioc/src/contrib/vsn_3.46.0.tar.gz'
"
"2","Content type 'application/x-gzip'"
"2"," length 1855291 bytes (1.8 MB)
"
"2","="
"2","="
"2","="
"2","="
"2","="
"2","="
"2","="
"2","="
"2","="
"2","="
"2","="
"2","="
"2","="
"2","="
"2","="
"2","="
"2","="
"2","="
"2","="
"2","="
"2","="
"2","="
"2","="
"2","="
"2","="
"2","="
"2","="
"2","="
"2","="
"2","="
"2","="
"2","="
"2","="
"2","="
"2","="
"2","="
"2","="
"2","="
"2","="
"2","="
"2","="
"2","="
"2","="
"2","="
"2","="
"2","="
"2","="
"2","="
"2","="
"2","="
"2","
"
"2","downloaded 1.8 MB

"
"2","trying URL 'https://bioconductor.org/packages/3.6/bioc/src/contrib/GenomicRanges_1.30.0.tar.gz'
"
"2","Content type 'application/x-gzip'"
"2"," length 1115092 bytes (1.1 MB)
"
"2","="
"2","="
"2","="
"2","="
"2","="
"2","="
"2","="
"2","="
"2","="
"2","="
"2","="
"2","="
"2","="
"2","="
"2","="
"2","="
"2","="
"2","="
"2","="
"2","="
"2","="
"2","="
"2","="
"2","="
"2","="
"2","="
"2","="
"2","="
"2","="
"2","="
"2","="
"2","="
"2","="
"2","="
"2","="
"2","="
"2","="
"2","="
"2","="
"2","="
"2","="
"2","="
"2","="
"2","="
"2","="
"2","="
"2","="
"2","="
"2","="
"2","="
"2","
"
"2","downloaded 1.1 MB

"
"2","trying URL 'https://bioconductor.org/packages/3.6/bioc/src/contrib/GenomicAlignments_1.14.0.tar.gz'
"
"2","Content type 'application/x-gzip'"
"2"," length 2315467 bytes (2.2 MB)
"
"2","="
"2","="
"2","="
"2","="
"2","="
"2","="
"2","="
"2","="
"2","="
"2","="
"2","="
"2","="
"2","="
"2","="
"2","="
"2","="
"2","="
"2","="
"2","="
"2","="
"2","="
"2","="
"2","="
"2","="
"2","="
"2","="
"2","="
"2","="
"2","="
"2","="
"2","="
"2","="
"2","="
"2","="
"2","="
"2","="
"2","="
"2","="
"2","="
"2","="
"2","="
"2","="
"2","="
"2","="
"2","="
"2","="
"2","="
"2","="
"2","="
"2","="
"2","
"
"2","downloaded 2.2 MB

"
"2","trying URL 'https://bioconductor.org/packages/3.6/bioc/src/contrib/biomaRt_2.34.0.tar.gz'
"
"2","Content type 'application/x-gzip'"
"2"," length 293931 bytes (287 KB)
"
"2","="
"2","="
"2","="
"2","="
"2","="
"2","="
"2","="
"2","="
"2","="
"2","="
"2","="
"2","="
"2","="
"2","="
"2","="
"2","="
"2","="
"2","="
"2","="
"2","="
"2","="
"2","="
"2","="
"2","="
"2","="
"2","="
"2","="
"2","="
"2","="
"2","="
"2","="
"2","="
"2","="
"2","="
"2","="
"2","="
"2","="
"2","="
"2","="
"2","="
"2","="
"2","="
"2","="
"2","="
"2","="
"2","="
"2","="
"2","="
"2","="
"2","="
"2","
"
"2","downloaded 287 KB

"
"2","trying URL 'https://bioconductor.org/packages/3.6/bioc/src/contrib/DESeq_1.30.0.tar.gz'
"
"2","Content type 'application/x-gzip'"
"2"," length 1698887 bytes (1.6 MB)
"
"2","="
"2","="
"2","="
"2","="
"2","="
"2","="
"2","="
"2","="
"2","="
"2","="
"2","="
"2","="
"2","="
"2","="
"2","="
"2","="
"2","="
"2","="
"2","="
"2","="
"2","="
"2","="
"2","="
"2","="
"2","="
"2","="
"2","="
"2","="
"2","="
"2","="
"2","="
"2","="
"2","="
"2","="
"2","="
"2","="
"2","="
"2","="
"2","="
"2","="
"2","="
"2","="
"2","="
"2","="
"2","="
"2","="
"2","="
"2","="
"2","="
"2","="
"2","
"
"2","downloaded 1.6 MB

"
"2","* installing *source* package ‘ProtGenerics’ ...
"
"2","** R
"
"2","** preparing package for lazy loading
"
"2","** help
"
"2","*** installing help indices
"
"2","** building package indices
"
"2","** testing if installed package can be loaded
"
"2","* DONE (ProtGenerics)
"
"2","* installing *source* package ‘affyio’ ...
"
"1","checking for gcc... "
"1","gcc
"
"1","checking whether the C compiler works... "
"1","yes
"
"1","checking for C compiler default output file name... a.out
"
"1","checking for suffix of executables... "
"1","
"
"1","checking whether we are cross compiling... "
"1","no
"
"1","checking for suffix of object files... "
"1","o
"
"1","checking whether we are using the GNU C compiler... "
"1","yes
"
"1","checking whether gcc accepts -g... "
"1","yes
"
"1","checking for gcc option to accept ISO C89... "
"1","none needed
"
"1","checking how to run the C preprocessor... "
"1","gcc -E
"
"1","checking for grep that handles long lines and -e... "
"1","/bin/grep
"
"1","checking for egrep... "
"1","/bin/grep -E
"
"1","checking for ANSI C header files... "
"1","yes
"
"1","checking for sys/types.h... "
"1","yes
"
"1","checking for sys/stat.h... "
"1","yes
"
"1","checking for stdlib.h... "
"1","yes
"
"1","checking for string.h... "
"1","yes
"
"1","checking for memory.h... "
"1","yes
"
"1","checking for strings.h... "
"1","yes
"
"1","checking for inttypes.h... "
"1","yes
"
"1","checking for stdint.h... "
"1","yes
"
"1","checking for unistd.h... "
"1","yes
"
"1","checking for main in -lz... "
"1","yes
"
"1","checking zlib.h usability... "
"1","yes
"
"1","checking zlib.h presence... "
"1","yes
"
"1","checking for zlib.h... yes
"
"1","checking if zlib version >= 1.1.3... "
"1","yes
"
"1","checking for pthread_create in -lpthread... "
"1","yes
"
"1","checking if we can use pthreads... "
"1","yes
checking if PTHREAD_STACK_MIN is defined... "
"1","yes
"
"1","configure: Enabling threading for affyio
"
"1","configure: creating ./config.status
"
"1","config.status: creating src/Makevars
"
"2","** libs
"
"1","gcc -std=gnu99 -I/usr/share/R/include -DNDEBUG -DPACKAGE_NAME=\""\"" -DPACKAGE_TARNAME=\""\"" -DPACKAGE_VERSION=\""\"" -DPACKAGE_STRING=\""\"" -DPACKAGE_BUGREPORT=\""\"" -DPACKAGE_URL=\""\"" -DSTDC_HEADERS=1 -DHAVE_SYS_TYPES_H=1 -DHAVE_SYS_STAT_H=1 -DHAVE_STDLIB_H=1 -DHAVE_STRING_H=1 -DHAVE_MEMORY_H=1 -DHAVE_STRINGS_H=1 -DHAVE_INTTYPES_H=1 -DHAVE_STDINT_H=1 -DHAVE_UNISTD_H=1 -DHAVE_ZLIB=1 -DHAVE_LIBPTHREAD=1 -DUSE_PTHREADS=1    -g -O2   -fpic  -g -O2 -fstack-protector --param=ssp-buffer-size=4 -Wformat -Werror=format-s"
"1","ecurity -D_FORTIFY_SOURCE=2 -g  -c fread_functions.c -o fread_functions.o
"
"1","gcc -std=gnu99 -I/usr/share/R/include -DNDEBUG -DPACKAGE_NAME=\""\"" -DPACKAGE_TARNAME=\""\"" -DPACKAGE_VERSION=\""\"" -DPACKAGE_STRING=\""\"" -DPACKAGE_BUGREPORT=\""\"" -DPACKAGE_URL=\""\"" -DSTDC_HEADERS=1 -DHAVE_SYS_TYPES_H=1 -DHAVE_SYS_STAT_H=1 -DHAVE_STDLIB_H=1 -DHAVE_STRING_H=1 -DHAVE_MEMORY_H=1 -DHAVE_STRINGS_H=1 -DHAVE_INTTYPES_H=1 -DHAVE_STDINT_H=1 -DHAVE_UNISTD_H=1 -DHAVE_ZLIB=1 -DHAVE_LIBPTHREAD=1 -DUSE_PTHREADS=1    -g -O2   -fpic  -g -O2 -fstack-protector --param=ssp-buffer-size=4 -Wformat -Werror=format-s"
"1","ecurity -D_FORTIFY_SOURCE=2 -g  -c init_package.c -o init_package.o
"
"1","gcc -std=gnu99 -I/usr/share/R/include -DNDEBUG -DPACKAGE_NAME=\""\"" -DPACKAGE_TARNAME=\""\"" -DPACKAGE_VERSION=\""\"" -DPACKAGE_STRING=\""\"" -DPACKAGE_BUGREPORT=\""\"" -DPACKAGE_URL=\""\"" -DSTDC_HEADERS=1 -DHAVE_SYS_TYPES_H=1 -DHAVE_SYS_STAT_H=1 -DHAVE_STDLIB_H=1 -DHAVE_STRING_H=1 -DHAVE_MEMORY_H=1 -DHAVE_STRINGS_H=1 -DHAVE_INTTYPES_H=1 -DHAVE_STDINT_H=1 -DHAVE_UNISTD_H=1 -DHAVE_ZLIB=1 -DHAVE_LIBPTHREAD=1 -DUSE_PTHREADS=1    -g -O2   -fpic  -g -O2 -fstack-protector --param=ssp-buffer-size=4 -Wformat -Werror=format-s"
"1","ecurity -D_FORTIFY_SOURCE=2 -g  -c read_abatch.c -o read_abatch.o
"
"1","gcc -std=gnu99 -I/usr/share/R/include -DNDEBUG -DPACKAGE_NAME=\""\"" -DPACKAGE_TARNAME=\""\"" -DPACKAGE_VERSION=\""\"" -DPACKAGE_STRING=\""\"" -DPACKAGE_BUGREPORT=\""\"" -DPACKAGE_URL=\""\"" -DSTDC_HEADERS=1 -DHAVE_SYS_TYPES_H=1 -DHAVE_SYS_STAT_H=1 -DHAVE_STDLIB_H=1 -DHAVE_STRING_H=1 -DHAVE_MEMORY_H=1 -DHAVE_STRINGS_H=1 -DHAVE_INTTYPES_H=1 -DHAVE_STDINT_H=1 -DHAVE_UNISTD_H=1 -DHAVE_ZLIB=1 -DHAVE_LIBPTHREAD=1 -DUSE_PTHREADS=1    -g -O2   -fpic  -g -O2 -fstack-protector --param=ssp-buffer-size=4 -Wformat -Werror=format-s"
"1","ecurity -D_FORTIFY_SOURCE=2 -g  -c read_bpmap.c -o read_bpmap.o
"
"1","gcc -std=gnu99 -I/usr/share/R/include -DNDEBUG -DPACKAGE_NAME=\""\"" -DPACKAGE_TARNAME=\""\"" -DPACKAGE_VERSION=\""\"" -DPACKAGE_STRING=\""\"" -DPACKAGE_BUGREPORT=\""\"" -DPACKAGE_URL=\""\"" -DSTDC_HEADERS=1 -DHAVE_SYS_TYPES_H=1 -DHAVE_SYS_STAT_H=1 -DHAVE_STDLIB_H=1 -DHAVE_STRING_H=1 -DHAVE_MEMORY_H=1 -DHAVE_STRINGS_H=1 -DHAVE_INTTYPES_H=1 -DHAVE_STDINT_H=1 -DHAVE_UNISTD_H=1 -DHAVE_ZLIB=1 -DHAVE_LIBPTHREAD=1 -DUSE_PTHREADS=1    -g -O2   -fpic  -g -O2 -fstack-protector --param=ssp-buffer-size=4 -Wformat -Werror=format-s"
"1","ecurity -D_FORTIFY_SOURCE=2 -g  -c read_cdf_xda.c -o read_cdf_xda.o
"
"1","gcc -std=gnu99 -I/usr/share/R/include -DNDEBUG -DPACKAGE_NAME=\""\"" -DPACKAGE_TARNAME=\""\"" -DPACKAGE_VERSION=\""\"" -DPACKAGE_STRING=\""\"" -DPACKAGE_BUGREPORT=\""\"" -DPACKAGE_URL=\""\"" -DSTDC_HEADERS=1 -DHAVE_SYS_TYPES_H=1 -DHAVE_SYS_STAT_H=1 -DHAVE_STDLIB_H=1 -DHAVE_STRING_H=1 -DHAVE_MEMORY_H=1 -DHAVE_STRINGS_H=1 -DHAVE_INTTYPES_H=1 -DHAVE_STDINT_H=1 -DHAVE_UNISTD_H=1 -DHAVE_ZLIB=1 -DHAVE_LIBPTHREAD=1 -DUSE_PTHREADS=1    -g -O2   -fpic  -g -O2 -fstack-protector --param=ssp-buffer-size=4 -Wformat -Werror=format-s"
"1","ecurity -D_FORTIFY_SOURCE=2 -g  -c read_cdffile2.c -o read_cdffile2.o
"
"1","gcc -std=gnu99 -I/usr/share/R/include -DNDEBUG -DPACKAGE_NAME=\""\"" -DPACKAGE_TARNAME=\""\"" -DPACKAGE_VERSION=\""\"" -DPACKAGE_STRING=\""\"" -DPACKAGE_BUGREPORT=\""\"" -DPACKAGE_URL=\""\"" -DSTDC_HEADERS=1 -DHAVE_SYS_TYPES_H=1 -DHAVE_SYS_STAT_H=1 -DHAVE_STDLIB_H=1 -DHAVE_STRING_H=1 -DHAVE_MEMORY_H=1 -DHAVE_STRINGS_H=1 -DHAVE_INTTYPES_H=1 -DHAVE_STDINT_H=1 -DHAVE_UNISTD_H=1 -DHAVE_ZLIB=1 -DHAVE_LIBPTHREAD=1 -DUSE_PTHREADS=1    -g -O2   -fpic  -g -O2 -fstack-protector --param=ssp-buffer-size=4 -Wformat -Werror=format-s"
"1","ecurity -D_FORTIFY_SOURCE=2 -g  -c read_celfile_generic.c -o read_celfile_generic.o
"
"1","gcc -std=gnu99 -I/usr/share/R/include -DNDEBUG -DPACKAGE_NAME=\""\"" -DPACKAGE_TARNAME=\""\"" -DPACKAGE_VERSION=\""\"" -DPACKAGE_STRING=\""\"" -DPACKAGE_BUGREPORT=\""\"" -DPACKAGE_URL=\""\"" -DSTDC_HEADERS=1 -DHAVE_SYS_TYPES_H=1 -DHAVE_SYS_STAT_H=1 -DHAVE_STDLIB_H=1 -DHAVE_STRING_H=1 -DHAVE_MEMORY_H=1 -DHAVE_STRINGS_H=1 -DHAVE_INTTYPES_H=1 -DHAVE_STDINT_H=1 -DHAVE_UNISTD_H=1 -DHAVE_ZLIB=1 -DHAVE_LIBPTHREAD=1 -DUSE_PTHREADS=1    -g -O2   -fpic  -g -O2 -fstack-protector --param=ssp-buffer-size=4 -Wformat -Werror=format-s"
"1","ecurity -D_FORTIFY_SOURCE=2 -g  -c read_clf.c -o read_clf.o
"
"1","gcc -std=gnu99 -I/usr/share/R/include -DNDEBUG -DPACKAGE_NAME=\""\"" -DPACKAGE_TARNAME=\""\"" -DPACKAGE_VERSION=\""\"" -DPACKAGE_STRING=\""\"" -DPACKAGE_BUGREPORT=\""\"" -DPACKAGE_URL=\""\"" -DSTDC_HEADERS=1 -DHAVE_SYS_TYPES_H=1 -DHAVE_SYS_STAT_H=1 -DHAVE_STDLIB_H=1 -DHAVE_STRING_H=1 -DHAVE_MEMORY_H=1 -DHAVE_STRINGS_H=1 -DHAVE_INTTYPES_H=1 -DHAVE_STDINT_H=1 -DHAVE_UNISTD_H=1 -DHAVE_ZLIB=1 -DHAVE_LIBPTHREAD=1 -DUSE_PTHREADS=1    -g -O2   -fpic  -g -O2 -fstack-protector --param=ssp-buffer-size=4 -Wformat -Werror=format-s"
"1","ecurity -D_FORTIFY_SOURCE=2 -g  -c read_generic.c -o read_generic.o
"
"1","gcc -std=gnu99 -I/usr/share/R/include -DNDEBUG -DPACKAGE_NAME=\""\"" -DPACKAGE_TARNAME=\""\"" -DPACKAGE_VERSION=\""\"" -DPACKAGE_STRING=\""\"" -DPACKAGE_BUGREPORT=\""\"" -DPACKAGE_URL=\""\"" -DSTDC_HEADERS=1 -DHAVE_SYS_TYPES_H=1 -DHAVE_SYS_STAT_H=1 -DHAVE_STDLIB_H=1 -DHAVE_STRING_H=1 -DHAVE_MEMORY_H=1 -DHAVE_STRINGS_H=1 -DHAVE_INTTYPES_H=1 -DHAVE_STDINT_H=1 -DHAVE_UNISTD_H=1 -DHAVE_ZLIB=1 -DHAVE_LIBPTHREAD=1 -DUSE_PTHREADS=1    -g -O2   -fpic  -g -O2 -fstack-protector --param=ssp-buffer-size=4 -Wformat -Werror=format-s"
"1","ecurity -D_FORTIFY_SOURCE=2 -g  -c read_multichannel_celfile_generic.c -o read_multichannel_celfile_generic.o
"
"1","gcc -std=gnu99 -I/usr/share/R/include -DNDEBUG -DPACKAGE_NAME=\""\"" -DPACKAGE_TARNAME=\""\"" -DPACKAGE_VERSION=\""\"" -DPACKAGE_STRING=\""\"" -DPACKAGE_BUGREPORT=\""\"" -DPACKAGE_URL=\""\"" -DSTDC_HEADERS=1 -DHAVE_SYS_TYPES_H=1 -DHAVE_SYS_STAT_H=1 -DHAVE_STDLIB_H=1 -DHAVE_STRING_H=1 -DHAVE_MEMORY_H=1 -DHAVE_STRINGS_H=1 -DHAVE_INTTYPES_H=1 -DHAVE_STDINT_H=1 -DHAVE_UNISTD_H=1 -DHAVE_ZLIB=1 -DHAVE_LIBPTHREAD=1 -DUSE_PTHREADS=1    -g -O2   -fpic  -g -O2 -fstack-protector --param=ssp-buffer-size=4 -Wformat -Werror=format-s"
"1","ecurity -D_FORTIFY_SOURCE=2 -g  -c read_pgf.c -o read_pgf.o
"
"2","read_pgf.c: In function ‘pgf_count_probeset_types’:
"
"2","read_pgf.c:1265:28: warning: assignment from incompatible pointer type [enabled by default]
  my_pgf->probesets->current= my_pgf->probesets->current->next;
                            ^
"
"1","gcc -std=gnu99 -shared -L/usr/lib/R/lib -Wl,-Bsymbolic-functions -Wl,-z,relro -o affyio.so fread_functions.o init_package.o read_abatch.o read_bpmap.o read_cdf_xda.o read_cdffile2.o read_celfile_generic.o read_clf.o read_generic.o read_multichannel_celfile_generic.o read_pgf.o -lpthread -lz -L/usr/lib/R/lib -lR
"
"2","installing to /local/data/public/RLib/affyio/libs
"
"2","** R
"
"2","** preparing package for lazy loading
"
"2","** help
"
"2","*** installing help indices
"
"2","** building package indices
"
"2","** testing if installed package can be loaded
"
"2","* DONE (affyio)
"
"2","* installing *source* package ‘preprocessCore’ ...
"
"1","checking for gcc... "
"1","gcc -std=gnu99
"
"1","checking whether the C compiler works... "
"1","yes
"
"1","checking for C compiler default output file name... a.out
"
"1","checking for suffix of executables... "
"1","
"
"1","checking whether we are cross compiling... "
"1","no
"
"1","checking for suffix of object files... "
"1","o
"
"1","checking whether we are using the GNU C compiler... "
"1","yes
"
"1","checking whether gcc -std=gnu99 accepts -g... "
"1","yes
"
"1","checking for gcc -std=gnu99 option to accept ISO C89... "
"1","none needed
"
"1","checking how to run the C preprocessor... "
"1","gcc -std=gnu99 -E
"
"1","checking for library containing pthread_create... "
"1","-lpthread
"
"1","checking for grep that handles long lines and -e... "
"1","/bin/grep
"
"1","checking for egrep... "
"1","/bin/grep -E
"
"1","checking for ANSI C header files... "
"1","yes
"
"1","checking for sys/types.h... "
"1","yes
"
"1","checking for sys/stat.h... "
"1","yes
"
"1","checking for stdlib.h... "
"1","yes
"
"1","checking for string.h... "
"1","yes
"
"1","checking for memory.h... "
"1","yes
"
"1","checking for strings.h... "
"1","yes
"
"1","checking for inttypes.h... "
"1","yes
"
"1","checking for stdint.h... "
"1","yes
"
"1","checking for unistd.h... "
"1","yes
"
"1","checking for stdlib.h... "
"1","(cached) "
"1","yes
"
"1","checking if PTHREAD_STACK_MIN is defined... "
"1","yes
"
"1","configure: Enabling threading for preprocessCore
"
"1","configure: creating ./config.status
"
"1","config.status: creating src/Makevars
"
"2","** libs
"
"1","gcc -std=gnu99 -I/usr/share/R/include -DNDEBUG     -g -O2 -fstack-protector --param=ssp-buffer-size=4 -Wformat -Werror=format-security -D_FORTIFY_SOURCE=2 -g  -DPACKAGE_NAME=\""\"" -DPACKAGE_TARNAME=\""\"" -DPACKAGE_VERSION=\""\"" -DPACKAGE_STRING=\""\"" -DPACKAGE_BUGREPORT=\""\"" -DPACKAGE_URL=\""\"" -DSTDC_HEADERS=1 -DHAVE_SYS_TYPES_H=1 -DHAVE_SYS_STAT_H=1 -DHAVE_STDLIB_H=1 -DHAVE_STRING_H=1 -DHAVE_MEMORY_H=1 -DHAVE_STRINGS_H=1 -DHAVE_INTTYPES_H=1 -DHAVE_STDINT_H=1 -DHAVE_UNISTD_H=1 -DHAVE_STDLIB_H=1 -DUSE_PTHREADS=1"
"1"," -fpic  -g -O2 -fstack-protector --param=ssp-buffer-size=4 -Wformat -Werror=format-security -D_FORTIFY_SOURCE=2 -g  -c R_colSummarize.c -o R_colSummarize.o
"
"1","gcc -std=gnu99 -I/usr/share/R/include -DNDEBUG     -g -O2 -fstack-protector --param=ssp-buffer-size=4 -Wformat -Werror=format-security -D_FORTIFY_SOURCE=2 -g  -DPACKAGE_NAME=\""\"" -DPACKAGE_TARNAME=\""\"" -DPACKAGE_VERSION=\""\"" -DPACKAGE_STRING=\""\"" -DPACKAGE_BUGREPORT=\""\"" -DPACKAGE_URL=\""\"" -DSTDC_HEADERS=1 -DHAVE_SYS_TYPES_H=1 -DHAVE_SYS_STAT_H=1 -DHAVE_STDLIB_H=1 -DHAVE_STRING_H=1 -DHAVE_MEMORY_H=1 -DHAVE_STRINGS_H=1 -DHAVE_INTTYPES_H=1 -DHAVE_STDINT_H=1 -DHAVE_UNISTD_H=1 -DHAVE_STDLIB_H=1 -DUSE_PTHREADS=1"
"1"," -fpic  -g -O2 -fstack-protector --param=ssp-buffer-size=4 -Wformat -Werror=format-security -D_FORTIFY_SOURCE=2 -g  -c R_plmd_interfaces.c -o R_plmd_interfaces.o
"
"1","gcc -std=gnu99 -I/usr/share/R/include -DNDEBUG     -g -O2 -fstack-protector --param=ssp-buffer-size=4 -Wformat -Werror=format-security -D_FORTIFY_SOURCE=2 -g  -DPACKAGE_NAME=\""\"" -DPACKAGE_TARNAME=\""\"" -DPACKAGE_VERSION=\""\"" -DPACKAGE_STRING=\""\"" -DPACKAGE_BUGREPORT=\""\"" -DPACKAGE_URL=\""\"" -DSTDC_HEADERS=1 -DHAVE_SYS_TYPES_H=1 -DHAVE_SYS_STAT_H=1 -DHAVE_STDLIB_H=1 -DHAVE_STRING_H=1 -DHAVE_MEMORY_H=1 -DHAVE_STRINGS_H=1 -DHAVE_INTTYPES_H=1 -DHAVE_STDINT_H=1 -DHAVE_UNISTD_H=1 -DHAVE_STDLIB_H=1 -DUSE_PTHREADS=1"
"1"," -fpic  -g -O2 -fstack-protector --param=ssp-buffer-size=4 -Wformat -Werror=format-security -D_FORTIFY_SOURCE=2 -g  -c R_plmr_interfaces.c -o R_plmr_interfaces.o
"
"1","gcc -std=gnu99 -I/usr/share/R/include -DNDEBUG     -g -O2 -fstack-protector --param=ssp-buffer-size=4 -Wformat -Werror=format-security -D_FORTIFY_SOURCE=2 -g  -DPACKAGE_NAME=\""\"" -DPACKAGE_TARNAME=\""\"" -DPACKAGE_VERSION=\""\"" -DPACKAGE_STRING=\""\"" -DPACKAGE_BUGREPORT=\""\"" -DPACKAGE_URL=\""\"" -DSTDC_HEADERS=1 -DHAVE_SYS_TYPES_H=1 -DHAVE_SYS_STAT_H=1 -DHAVE_STDLIB_H=1 -DHAVE_STRING_H=1 -DHAVE_MEMORY_H=1 -DHAVE_STRINGS_H=1 -DHAVE_INTTYPES_H=1 -DHAVE_STDINT_H=1 -DHAVE_UNISTD_H=1 -DHAVE_STDLIB_H=1 -DUSE_PTHREADS=1"
"1"," -fpic  -g -O2 -fstack-protector --param=ssp-buffer-size=4 -Wformat -Werror=format-security -D_FORTIFY_SOURCE=2 -g  -c R_rlm_interfaces.c -o R_rlm_interfaces.o
"
"1","gcc -std=gnu99 -I/usr/share/R/include -DNDEBUG     -g -O2 -fstack-protector --param=ssp-buffer-size=4 -Wformat -Werror=format-security -D_FORTIFY_SOURCE=2 -g  -DPACKAGE_NAME=\""\"" -DPACKAGE_TARNAME=\""\"" -DPACKAGE_VERSION=\""\"" -DPACKAGE_STRING=\""\"" -DPACKAGE_BUGREPORT=\""\"" -DPACKAGE_URL=\""\"" -DSTDC_HEADERS=1 -DHAVE_SYS_TYPES_H=1 -DHAVE_SYS_STAT_H=1 -DHAVE_STDLIB_H=1 -DHAVE_STRING_H=1 -DHAVE_MEMORY_H=1 -DHAVE_STRINGS_H=1 -DHAVE_INTTYPES_H=1 -DHAVE_STDINT_H=1 -DHAVE_UNISTD_H=1 -DHAVE_STDLIB_H=1 -DUSE_PTHREADS=1"
"1"," -fpic  -g -O2 -fstack-protector --param=ssp-buffer-size=4 -Wformat -Werror=format-security -D_FORTIFY_SOURCE=2 -g  -c R_subColSummarize.c -o R_subColSummarize.o
"
"1","gcc -std=gnu99 -I/usr/share/R/include -DNDEBUG     -g -O2 -fstack-protector --param=ssp-buffer-size=4 -Wformat -Werror=format-security -D_FORTIFY_SOURCE=2 -g  -DPACKAGE_NAME=\""\"" -DPACKAGE_TARNAME=\""\"" -DPACKAGE_VERSION=\""\"" -DPACKAGE_STRING=\""\"" -DPACKAGE_BUGREPORT=\""\"" -DPACKAGE_URL=\""\"" -DSTDC_HEADERS=1 -DHAVE_SYS_TYPES_H=1 -DHAVE_SYS_STAT_H=1 -DHAVE_STDLIB_H=1 -DHAVE_STRING_H=1 -DHAVE_MEMORY_H=1 -DHAVE_STRINGS_H=1 -DHAVE_INTTYPES_H=1 -DHAVE_STDINT_H=1 -DHAVE_UNISTD_H=1 -DHAVE_STDLIB_H=1 -DUSE_PTHREADS=1"
"1"," -fpic  -g -O2 -fstack-protector --param=ssp-buffer-size=4 -Wformat -Werror=format-security -D_FORTIFY_SOURCE=2 -g  -c R_subrcModel_interfaces.c -o R_subrcModel_interfaces.o
"
"1","gcc -std=gnu99 -I/usr/share/R/include -DNDEBUG     -g -O2 -fstack-protector --param=ssp-buffer-size=4 -Wformat -Werror=format-security -D_FORTIFY_SOURCE=2 -g  -DPACKAGE_NAME=\""\"" -DPACKAGE_TARNAME=\""\"" -DPACKAGE_VERSION=\""\"" -DPACKAGE_STRING=\""\"" -DPACKAGE_BUGREPORT=\""\"" -DPACKAGE_URL=\""\"" -DSTDC_HEADERS=1 -DHAVE_SYS_TYPES_H=1 -DHAVE_SYS_STAT_H=1 -DHAVE_STDLIB_H=1 -DHAVE_STRING_H=1 -DHAVE_MEMORY_H=1 -DHAVE_STRINGS_H=1 -DHAVE_INTTYPES_H=1 -DHAVE_STDINT_H=1 -DHAVE_UNISTD_H=1 -DHAVE_STDLIB_H=1 -DUSE_PTHREADS=1"
"1"," -fpic  -g -O2 -fstack-protector --param=ssp-buffer-size=4 -Wformat -Werror=format-security -D_FORTIFY_SOURCE=2 -g  -c avg.c -o avg.o
"
"1","gcc -std=gnu99 -I/usr/share/R/include -DNDEBUG     -g -O2 -fstack-protector --param=ssp-buffer-size=4 -Wformat -Werror=format-security -D_FORTIFY_SOURCE=2 -g  -DPACKAGE_NAME=\""\"" -DPACKAGE_TARNAME=\""\"" -DPACKAGE_VERSION=\""\"" -DPACKAGE_STRING=\""\"" -DPACKAGE_BUGREPORT=\""\"" -DPACKAGE_URL=\""\"" -DSTDC_HEADERS=1 -DHAVE_SYS_TYPES_H=1 -DHAVE_SYS_STAT_H=1 -DHAVE_STDLIB_H=1 -DHAVE_STRING_H=1 -DHAVE_MEMORY_H=1 -DHAVE_STRINGS_H=1 -DHAVE_INTTYPES_H=1 -DHAVE_STDINT_H=1 -DHAVE_UNISTD_H=1 -DHAVE_STDLIB_H=1 -DUSE_PTHREADS=1"
"1"," -fpic  -g -O2 -fstack-protector --param=ssp-buffer-size=4 -Wformat -Werror=format-security -D_FORTIFY_SOURCE=2 -g  -c avg_log.c -o avg_log.o
"
"1","gcc -std=gnu99 -I/usr/share/R/include -DNDEBUG     -g -O2 -fstack-protector --param=ssp-buffer-size=4 -Wformat -Werror=format-security -D_FORTIFY_SOURCE=2 -g  -DPACKAGE_NAME=\""\"" -DPACKAGE_TARNAME=\""\"" -DPACKAGE_VERSION=\""\"" -DPACKAGE_STRING=\""\"" -DPACKAGE_BUGREPORT=\""\"" -DPACKAGE_URL=\""\"" -DSTDC_HEADERS=1 -DHAVE_SYS_TYPES_H=1 -DHAVE_SYS_STAT_H=1 -DHAVE_STDLIB_H=1 -DHAVE_STRING_H=1 -DHAVE_MEMORY_H=1 -DHAVE_STRINGS_H=1 -DHAVE_INTTYPES_H=1 -DHAVE_STDINT_H=1 -DHAVE_UNISTD_H=1 -DHAVE_STDLIB_H=1 -DUSE_PTHREADS=1"
"1"," -fpic  -g -O2 -fstack-protector --param=ssp-buffer-size=4 -Wformat -Werror=format-security -D_FORTIFY_SOURCE=2 -g  -c biweight.c -o biweight.o
"
"1","gcc -std=gnu99 -I/usr/share/R/include -DNDEBUG     -g -O2 -fstack-protector --param=ssp-buffer-size=4 -Wformat -Werror=format-security -D_FORTIFY_SOURCE=2 -g  -DPACKAGE_NAME=\""\"" -DPACKAGE_TARNAME=\""\"" -DPACKAGE_VERSION=\""\"" -DPACKAGE_STRING=\""\"" -DPACKAGE_BUGREPORT=\""\"" -DPACKAGE_URL=\""\"" -DSTDC_HEADERS=1 -DHAVE_SYS_TYPES_H=1 -DHAVE_SYS_STAT_H=1 -DHAVE_STDLIB_H=1 -DHAVE_STRING_H=1 -DHAVE_MEMORY_H=1 -DHAVE_STRINGS_H=1 -DHAVE_INTTYPES_H=1 -DHAVE_STDINT_H=1 -DHAVE_UNISTD_H=1 -DHAVE_STDLIB_H=1 -DUSE_PTHREADS=1"
"1"," -fpic  -g -O2 -fstack-protector --param=ssp-buffer-size=4 -Wformat -Werror=format-security -D_FORTIFY_SOURCE=2 -g  -c init_package.c -o init_package.o
"
"1","gcc -std=gnu99 -I/usr/share/R/include -DNDEBUG     -g -O2 -fstack-protector --param=ssp-buffer-size=4 -Wformat -Werror=format-security -D_FORTIFY_SOURCE=2 -g  -DPACKAGE_NAME=\""\"" -DPACKAGE_TARNAME=\""\"" -DPACKAGE_VERSION=\""\"" -DPACKAGE_STRING=\""\"" -DPACKAGE_BUGREPORT=\""\"" -DPACKAGE_URL=\""\"" -DSTDC_HEADERS=1 -DHAVE_SYS_TYPES_H=1 -DHAVE_SYS_STAT_H=1 -DHAVE_STDLIB_H=1 -DHAVE_STRING_H=1 -DHAVE_MEMORY_H=1 -DHAVE_STRINGS_H=1 -DHAVE_INTTYPES_H=1 -DHAVE_STDINT_H=1 -DHAVE_UNISTD_H=1 -DHAVE_STDLIB_H=1 -DUSE_PTHREADS=1"
"1"," -fpic  -g -O2 -fstack-protector --param=ssp-buffer-size=4 -Wformat -Werror=format-security -D_FORTIFY_SOURCE=2 -g  -c lm.c -o lm.o
"
"1","gcc -std=gnu99 -I/usr/share/R/include -DNDEBUG     -g -O2 -fstack-protector --param=ssp-buffer-size=4 -Wformat -Werror=format-security -D_FORTIFY_SOURCE=2 -g  -DPACKAGE_NAME=\""\"" -DPACKAGE_TARNAME=\""\"" -DPACKAGE_VERSION=\""\"" -DPACKAGE_STRING=\""\"" -DPACKAGE_BUGREPORT=\""\"" -DPACKAGE_URL=\""\"" -DSTDC_HEADERS=1 -DHAVE_SYS_TYPES_H=1 -DHAVE_SYS_STAT_H=1 -DHAVE_STDLIB_H=1 -DHAVE_STRING_H=1 -DHAVE_MEMORY_H=1 -DHAVE_STRINGS_H=1 -DHAVE_INTTYPES_H=1 -DHAVE_STDINT_H=1 -DHAVE_UNISTD_H=1 -DHAVE_STDLIB_H=1 -DUSE_PTHREADS=1"
"1"," -fpic  -g -O2 -fstack-protector --param=ssp-buffer-size=4 -Wformat -Werror=format-security -D_FORTIFY_SOURCE=2 -g  -c log_avg.c -o log_avg.o
"
"1","gcc -std=gnu99 -I/usr/share/R/include -DNDEBUG     -g -O2 -fstack-protector --param=ssp-buffer-size=4 -Wformat -Werror=format-security -D_FORTIFY_SOURCE=2 -g  -DPACKAGE_NAME=\""\"" -DPACKAGE_TARNAME=\""\"" -DPACKAGE_VERSION=\""\"" -DPACKAGE_STRING=\""\"" -DPACKAGE_BUGREPORT=\""\"" -DPACKAGE_URL=\""\"" -DSTDC_HEADERS=1 -DHAVE_SYS_TYPES_H=1 -DHAVE_SYS_STAT_H=1 -DHAVE_STDLIB_H=1 -DHAVE_STRING_H=1 -DHAVE_MEMORY_H=1 -DHAVE_STRINGS_H=1 -DHAVE_INTTYPES_H=1 -DHAVE_STDINT_H=1 -DHAVE_UNISTD_H=1 -DHAVE_STDLIB_H=1 -DUSE_PTHREADS=1"
"1"," -fpic  -g -O2 -fstack-protector --param=ssp-buffer-size=4 -Wformat -Werror=format-security -D_FORTIFY_SOURCE=2 -g  -c log_median.c -o log_median.o
"
"1","gcc -std=gnu99 -I/usr/share/R/include -DNDEBUG     -g -O2 -fstack-protector --param=ssp-buffer-size=4 -Wformat -Werror=format-security -D_FORTIFY_SOURCE=2 -g  -DPACKAGE_NAME=\""\"" -DPACKAGE_TARNAME=\""\"" -DPACKAGE_VERSION=\""\"" -DPACKAGE_STRING=\""\"" -DPACKAGE_BUGREPORT=\""\"" -DPACKAGE_URL=\""\"" -DSTDC_HEADERS=1 -DHAVE_SYS_TYPES_H=1 -DHAVE_SYS_STAT_H=1 -DHAVE_STDLIB_H=1 -DHAVE_STRING_H=1 -DHAVE_MEMORY_H=1 -DHAVE_STRINGS_H=1 -DHAVE_INTTYPES_H=1 -DHAVE_STDINT_H=1 -DHAVE_UNISTD_H=1 -DHAVE_STDLIB_H=1 -DUSE_PTHREADS=1"
"1"," -fpic  -g -O2 -fstack-protector --param=ssp-buffer-size=4 -Wformat -Werror=format-security -D_FORTIFY_SOURCE=2 -g  -c matrix_functions.c -o matrix_functions.o
"
"1","gcc -std=gnu99 -I/usr/share/R/include -DNDEBUG     -g -O2 -fstack-protector --param=ssp-buffer-size=4 -Wformat -Werror=format-security -D_FORTIFY_SOURCE=2 -g  -DPACKAGE_NAME=\""\"" -DPACKAGE_TARNAME=\""\"" -DPACKAGE_VERSION=\""\"" -DPACKAGE_STRING=\""\"" -DPACKAGE_BUGREPORT=\""\"" -DPACKAGE_URL=\""\"" -DSTDC_HEADERS=1 -DHAVE_SYS_TYPES_H=1 -DHAVE_SYS_STAT_H=1 -DHAVE_STDLIB_H=1 -DHAVE_STRING_H=1 -DHAVE_MEMORY_H=1 -DHAVE_STRINGS_H=1 -DHAVE_INTTYPES_H=1 -DHAVE_STDINT_H=1 -DHAVE_UNISTD_H=1 -DHAVE_STDLIB_H=1 -DUSE_PTHREADS=1"
"1"," -fpic  -g -O2 -fstack-protector --param=ssp-buffer-size=4 -Wformat -Werror=format-security -D_FORTIFY_SOURCE=2 -g  -c median.c -o median.o
"
"1","gcc -std=gnu99 -I/usr/share/R/include -DNDEBUG     -g -O2 -fstack-protector --param=ssp-buffer-size=4 -Wformat -Werror=format-security -D_FORTIFY_SOURCE=2 -g  -DPACKAGE_NAME=\""\"" -DPACKAGE_TARNAME=\""\"" -DPACKAGE_VERSION=\""\"" -DPACKAGE_STRING=\""\"" -DPACKAGE_BUGREPORT=\""\"" -DPACKAGE_URL=\""\"" -DSTDC_HEADERS=1 -DHAVE_SYS_TYPES_H=1 -DHAVE_SYS_STAT_H=1 -DHAVE_STDLIB_H=1 -DHAVE_STRING_H=1 -DHAVE_MEMORY_H=1 -DHAVE_STRINGS_H=1 -DHAVE_INTTYPES_H=1 -DHAVE_STDINT_H=1 -DHAVE_UNISTD_H=1 -DHAVE_STDLIB_H=1 -DUSE_PTHREADS=1"
"1"," -fpic  -g -O2 -fstack-protector --param=ssp-buffer-size=4 -Wformat -Werror=format-security -D_FORTIFY_SOURCE=2 -g  -c median_log.c -o median_log.o
"
"1","gcc -std=gnu99 -I/usr/share/R/include -DNDEBUG     -g -O2 -fstack-protector --param=ssp-buffer-size=4 -Wformat -Werror=format-security -D_FORTIFY_SOURCE=2 -g  -DPACKAGE_NAME=\""\"" -DPACKAGE_TARNAME=\""\"" -DPACKAGE_VERSION=\""\"" -DPACKAGE_STRING=\""\"" -DPACKAGE_BUGREPORT=\""\"" -DPACKAGE_URL=\""\"" -DSTDC_HEADERS=1 -DHAVE_SYS_TYPES_H=1 -DHAVE_SYS_STAT_H=1 -DHAVE_STDLIB_H=1 -DHAVE_STRING_H=1 -DHAVE_MEMORY_H=1 -DHAVE_STRINGS_H=1 -DHAVE_INTTYPES_H=1 -DHAVE_STDINT_H=1 -DHAVE_UNISTD_H=1 -DHAVE_STDLIB_H=1 -DUSE_PTHREADS=1"
"1"," -fpic  -g -O2 -fstack-protector --param=ssp-buffer-size=4 -Wformat -Werror=format-security -D_FORTIFY_SOURCE=2 -g  -c medianpolish.c -o medianpolish.o
"
"1","gcc -std=gnu99 -I/usr/share/R/include -DNDEBUG     -g -O2 -fstack-protector --param=ssp-buffer-size=4 -Wformat -Werror=format-security -D_FORTIFY_SOURCE=2 -g  -DPACKAGE_NAME=\""\"" -DPACKAGE_TARNAME=\""\"" -DPACKAGE_VERSION=\""\"" -DPACKAGE_STRING=\""\"" -DPACKAGE_BUGREPORT=\""\"" -DPACKAGE_URL=\""\"" -DSTDC_HEADERS=1 -DHAVE_SYS_TYPES_H=1 -DHAVE_SYS_STAT_H=1 -DHAVE_STDLIB_H=1 -DHAVE_STRING_H=1 -DHAVE_MEMORY_H=1 -DHAVE_STRINGS_H=1 -DHAVE_INTTYPES_H=1 -DHAVE_STDINT_H=1 -DHAVE_UNISTD_H=1 -DHAVE_STDLIB_H=1 -DUSE_PTHREADS=1"
"1"," -fpic  -g -O2 -fstack-protector --param=ssp-buffer-size=4 -Wformat -Werror=format-security -D_FORTIFY_SOURCE=2 -g  -c plmd.c -o plmd.o
"
"1","gcc -std=gnu99 -I/usr/share/R/include -DNDEBUG     -g -O2 -fstack-protector --param=ssp-buffer-size=4 -Wformat -Werror=format-security -D_FORTIFY_SOURCE=2 -g  -DPACKAGE_NAME=\""\"" -DPACKAGE_TARNAME=\""\"" -DPACKAGE_VERSION=\""\"" -DPACKAGE_STRING=\""\"" -DPACKAGE_BUGREPORT=\""\"" -DPACKAGE_URL=\""\"" -DSTDC_HEADERS=1 -DHAVE_SYS_TYPES_H=1 -DHAVE_SYS_STAT_H=1 -DHAVE_STDLIB_H=1 -DHAVE_STRING_H=1 -DHAVE_MEMORY_H=1 -DHAVE_STRINGS_H=1 -DHAVE_INTTYPES_H=1 -DHAVE_STDINT_H=1 -DHAVE_UNISTD_H=1 -DHAVE_STDLIB_H=1 -DUSE_PTHREADS=1"
"1"," -fpic  -g -O2 -fstack-protector --param=ssp-buffer-size=4 -Wformat -Werror=format-security -D_FORTIFY_SOURCE=2 -g  -c plmr.c -o plmr.o
"
"1","gcc -std=gnu99 -I/usr/share/R/include -DNDEBUG     -g -O2 -fstack-protector --param=ssp-buffer-size=4 -Wformat -Werror=format-security -D_FORTIFY_SOURCE=2 -g  -DPACKAGE_NAME=\""\"" -DPACKAGE_TARNAME=\""\"" -DPACKAGE_VERSION=\""\"" -DPACKAGE_STRING=\""\"" -DPACKAGE_BUGREPORT=\""\"" -DPACKAGE_URL=\""\"" -DSTDC_HEADERS=1 -DHAVE_SYS_TYPES_H=1 -DHAVE_SYS_STAT_H=1 -DHAVE_STDLIB_H=1 -DHAVE_STRING_H=1 -DHAVE_MEMORY_H=1 -DHAVE_STRINGS_H=1 -DHAVE_INTTYPES_H=1 -DHAVE_STDINT_H=1 -DHAVE_UNISTD_H=1 -DHAVE_STDLIB_H=1 -DUSE_PTHREADS=1"
"1"," -fpic  -g -O2 -fstack-protector --param=ssp-buffer-size=4 -Wformat -Werror=format-security -D_FORTIFY_SOURCE=2 -g  -c psi_fns.c -o psi_fns.o
"
"1","gcc -std=gnu99 -I/usr/share/R/include -DNDEBUG     -g -O2 -fstack-protector --param=ssp-buffer-size=4 -Wformat -Werror=format-security -D_FORTIFY_SOURCE=2 -g  -DPACKAGE_NAME=\""\"" -DPACKAGE_TARNAME=\""\"" -DPACKAGE_VERSION=\""\"" -DPACKAGE_STRING=\""\"" -DPACKAGE_BUGREPORT=\""\"" -DPACKAGE_URL=\""\"" -DSTDC_HEADERS=1 -DHAVE_SYS_TYPES_H=1 -DHAVE_SYS_STAT_H=1 -DHAVE_STDLIB_H=1 -DHAVE_STRING_H=1 -DHAVE_MEMORY_H=1 -DHAVE_STRINGS_H=1 -DHAVE_INTTYPES_H=1 -DHAVE_STDINT_H=1 -DHAVE_UNISTD_H=1 -DHAVE_STDLIB_H=1 -DUSE_PTHREADS=1"
"1"," -fpic  -g -O2 -fstack-protector --param=ssp-buffer-size=4 -Wformat -Werror=format-security -D_FORTIFY_SOURCE=2 -g  -c qnorm.c -o qnorm.o
"
"1","gcc -std=gnu99 -I/usr/share/R/include -DNDEBUG     -g -O2 -fstack-protector --param=ssp-buffer-size=4 -Wformat -Werror=format-security -D_FORTIFY_SOURCE=2 -g  -DPACKAGE_NAME=\""\"" -DPACKAGE_TARNAME=\""\"" -DPACKAGE_VERSION=\""\"" -DPACKAGE_STRING=\""\"" -DPACKAGE_BUGREPORT=\""\"" -DPACKAGE_URL=\""\"" -DSTDC_HEADERS=1 -DHAVE_SYS_TYPES_H=1 -DHAVE_SYS_STAT_H=1 -DHAVE_STDLIB_H=1 -DHAVE_STRING_H=1 -DHAVE_MEMORY_H=1 -DHAVE_STRINGS_H=1 -DHAVE_INTTYPES_H=1 -DHAVE_STDINT_H=1 -DHAVE_UNISTD_H=1 -DHAVE_STDLIB_H=1 -DUSE_PTHREADS=1"
"1"," -fpic  -g -O2 -fstack-protector --param=ssp-buffer-size=4 -Wformat -Werror=format-security -D_FORTIFY_SOURCE=2 -g  -c rlm.c -o rlm.o
"
"1","gcc -std=gnu99 -I/usr/share/R/include -DNDEBUG     -g -O2 -fstack-protector --param=ssp-buffer-size=4 -Wformat -Werror=format-security -D_FORTIFY_SOURCE=2 -g  -DPACKAGE_NAME=\""\"" -DPACKAGE_TARNAME=\""\"" -DPACKAGE_VERSION=\""\"" -DPACKAGE_STRING=\""\"" -DPACKAGE_BUGREPORT=\""\"" -DPACKAGE_URL=\""\"" -DSTDC_HEADERS=1 -DHAVE_SYS_TYPES_H=1 -DHAVE_SYS_STAT_H=1 -DHAVE_STDLIB_H=1 -DHAVE_STRING_H=1 -DHAVE_MEMORY_H=1 -DHAVE_STRINGS_H=1 -DHAVE_INTTYPES_H=1 -DHAVE_STDINT_H=1 -DHAVE_UNISTD_H=1 -DHAVE_STDLIB_H=1 -DUSE_PTHREADS=1"
"1"," -fpic  -g -O2 -fstack-protector --param=ssp-buffer-size=4 -Wformat -Werror=format-security -D_FORTIFY_SOURCE=2 -g  -c rlm_anova.c -o rlm_anova.o
"
"1","gcc -std=gnu99 -I/usr/share/R/include -DNDEBUG     -g -O2 -fstack-protector --param=ssp-buffer-size=4 -Wformat -Werror=format-security -D_FORTIFY_SOURCE=2 -g  -DPACKAGE_NAME=\""\"" -DPACKAGE_TARNAME=\""\"" -DPACKAGE_VERSION=\""\"" -DPACKAGE_STRING=\""\"" -DPACKAGE_BUGREPORT=\""\"" -DPACKAGE_URL=\""\"" -DSTDC_HEADERS=1 -DHAVE_SYS_TYPES_H=1 -DHAVE_SYS_STAT_H=1 -DHAVE_STDLIB_H=1 -DHAVE_STRING_H=1 -DHAVE_MEMORY_H=1 -DHAVE_STRINGS_H=1 -DHAVE_INTTYPES_H=1 -DHAVE_STDINT_H=1 -DHAVE_UNISTD_H=1 -DHAVE_STDLIB_H=1 -DUSE_PTHREADS=1"
"1"," -fpic  -g -O2 -fstack-protector --param=ssp-buffer-size=4 -Wformat -Werror=format-security -D_FORTIFY_SOURCE=2 -g  -c rlm_se.c -o rlm_se.o
"
"1","gcc -std=gnu99 -I/usr/share/R/include -DNDEBUG     -g -O2 -fstack-protector --param=ssp-buffer-size=4 -Wformat -Werror=format-security -D_FORTIFY_SOURCE=2 -g  -DPACKAGE_NAME=\""\"" -DPACKAGE_TARNAME=\""\"" -DPACKAGE_VERSION=\""\"" -DPACKAGE_STRING=\""\"" -DPACKAGE_BUGREPORT=\""\"" -DPACKAGE_URL=\""\"" -DSTDC_HEADERS=1 -DHAVE_SYS_TYPES_H=1 -DHAVE_SYS_STAT_H=1 -DHAVE_STDLIB_H=1 -DHAVE_STRING_H=1 -DHAVE_MEMORY_H=1 -DHAVE_STRINGS_H=1 -DHAVE_INTTYPES_H=1 -DHAVE_STDINT_H=1 -DHAVE_UNISTD_H=1 -DHAVE_STDLIB_H=1 -DUSE_PTHREADS=1"
"1"," -fpic  -g -O2 -fstack-protector --param=ssp-buffer-size=4 -Wformat -Werror=format-security -D_FORTIFY_SOURCE=2 -g  -c rma_background4.c -o rma_background4.o
"
"1","gcc -std=gnu99 -I/usr/share/R/include -DNDEBUG     -g -O2 -fstack-protector --param=ssp-buffer-size=4 -Wformat -Werror=format-security -D_FORTIFY_SOURCE=2 -g  -DPACKAGE_NAME=\""\"" -DPACKAGE_TARNAME=\""\"" -DPACKAGE_VERSION=\""\"" -DPACKAGE_STRING=\""\"" -DPACKAGE_BUGREPORT=\""\"" -DPACKAGE_URL=\""\"" -DSTDC_HEADERS=1 -DHAVE_SYS_TYPES_H=1 -DHAVE_SYS_STAT_H=1 -DHAVE_STDLIB_H=1 -DHAVE_STRING_H=1 -DHAVE_MEMORY_H=1 -DHAVE_STRINGS_H=1 -DHAVE_INTTYPES_H=1 -DHAVE_STDINT_H=1 -DHAVE_UNISTD_H=1 -DHAVE_STDLIB_H=1 -DUSE_PTHREADS=1"
"1"," -fpic  -g -O2 -fstack-protector --param=ssp-buffer-size=4 -Wformat -Werror=format-security -D_FORTIFY_SOURCE=2 -g  -c rma_common.c -o rma_common.o
"
"1","gcc -std=gnu99 -I/usr/share/R/include -DNDEBUG     -g -O2 -fstack-protector --param=ssp-buffer-size=4 -Wformat -Werror=format-security -D_FORTIFY_SOURCE=2 -g  -DPACKAGE_NAME=\""\"" -DPACKAGE_TARNAME=\""\"" -DPACKAGE_VERSION=\""\"" -DPACKAGE_STRING=\""\"" -DPACKAGE_BUGREPORT=\""\"" -DPACKAGE_URL=\""\"" -DSTDC_HEADERS=1 -DHAVE_SYS_TYPES_H=1 -DHAVE_SYS_STAT_H=1 -DHAVE_STDLIB_H=1 -DHAVE_STRING_H=1 -DHAVE_MEMORY_H=1 -DHAVE_STRINGS_H=1 -DHAVE_INTTYPES_H=1 -DHAVE_STDINT_H=1 -DHAVE_UNISTD_H=1 -DHAVE_STDLIB_H=1 -DUSE_PTHREADS=1"
"1"," -fpic  -g -O2 -fstack-protector --param=ssp-buffer-size=4 -Wformat -Werror=format-security -D_FORTIFY_SOURCE=2 -g  -c weightedkerneldensity.c -o weightedkerneldensity.o
"
"1","gcc -std=gnu99 -shared -L/usr/lib/R/lib -Wl,-Bsymbolic-functions -Wl,-z,relro -o preprocessCore.so R_colSummarize.o R_plmd_interfaces.o R_plmr_interfaces.o R_rlm_interfaces.o R_subColSummarize.o R_subrcModel_interfaces.o avg.o avg_log.o biweight.o init_package.o lm.o log_avg.o log_median.o matrix_functions.o median.o median_log.o medianpolish.o plmd.o plmr.o psi_fns.o qnorm.o rlm.o rlm_anova.o rlm_se.o rma_background4.o rma_common.o weightedkerneldensity.o -lpthread -llapack -lblas -lgfortran -lm -lquadmath"
"1"," -L/usr/lib/R/lib -lR
"
"2","installing to /local/data/public/RLib/preprocessCore/libs
"
"2","** R
"
"2","** inst
"
"2","** preparing package for lazy loading
"
"2","** help
"
"2","*** installing help indices
"
"2","** building package indices
"
"2","** testing if installed package can be loaded
"
"2","* DONE (preprocessCore)
"
"2","* installing *source* package ‘RMySQL’ ...
"
"2","** package ‘RMySQL’ successfully unpacked and MD5 sums checked
"
"1","Found mysql_config cflags and libs!
"
"1","Using PKG_CFLAGS=-I/usr/include/mysql -DBIG_JOINS=1  -fno-strict-aliasing    -g -DNDEBUG
"
"1","Using PKG_LIBS=-L/usr/lib/x86_64-linux-gnu -lmysqlclient -lpthread -lz -lm -ldl
"
"2","** libs
"
"1","gcc -std=gnu99 -I/usr/share/R/include -DNDEBUG -I/usr/include/mysql -DBIG_JOINS=1  -fno-strict-aliasing    -g -DNDEBUG     -fpic  -g -O2 -fstack-protector --param=ssp-buffer-size=4 -Wformat -Werror=format-security -D_FORTIFY_SOURCE=2 -g  -c RMySQL-init.c -o RMySQL-init.o
"
"1","gcc -std=gnu99 -I/usr/share/R/include -DNDEBUG -I/usr/include/mysql -DBIG_JOINS=1  -fno-strict-aliasing    -g -DNDEBUG     -fpic  -g -O2 -fstack-protector --param=ssp-buffer-size=4 -Wformat -Werror=format-security -D_FORTIFY_SOURCE=2 -g  -c connection.c -o connection.o
"
"1","gcc -std=gnu99 -I/usr/share/R/include -DNDEBUG -I/usr/include/mysql -DBIG_JOINS=1  -fno-strict-aliasing    -g -DNDEBUG     -fpic  -g -O2 -fstack-protector --param=ssp-buffer-size=4 -Wformat -Werror=format-security -D_FORTIFY_SOURCE=2 -g  -c db-apply.c -o db-apply.o
"
"1","gcc -std=gnu99 -I/usr/share/R/include -DNDEBUG -I/usr/include/mysql -DBIG_JOINS=1  -fno-strict-aliasing    -g -DNDEBUG     -fpic  -g -O2 -fstack-protector --param=ssp-buffer-size=4 -Wformat -Werror=format-security -D_FORTIFY_SOURCE=2 -g  -c driver.c -o driver.o
"
"1","gcc -std=gnu99 -I/usr/share/R/include -DNDEBUG -I/usr/include/mysql -DBIG_JOINS=1  -fno-strict-aliasing    -g -DNDEBUG     -fpic  -g -O2 -fstack-protector --param=ssp-buffer-size=4 -Wformat -Werror=format-security -D_FORTIFY_SOURCE=2 -g  -c exception.c -o exception.o
"
"1","gcc -std=gnu99 -I/usr/share/R/include -DNDEBUG -I/usr/include/mysql -DBIG_JOINS=1  -fno-strict-aliasing    -g -DNDEBUG     -fpic  -g -O2 -fstack-protector --param=ssp-buffer-size=4 -Wformat -Werror=format-security -D_FORTIFY_SOURCE=2 -g  -c fields.c -o fields.o
"
"1","gcc -std=gnu99 -I/usr/share/R/include -DNDEBUG -I/usr/include/mysql -DBIG_JOINS=1  -fno-strict-aliasing    -g -DNDEBUG     -fpic  -g -O2 -fstack-protector --param=ssp-buffer-size=4 -Wformat -Werror=format-security -D_FORTIFY_SOURCE=2 -g  -c result.c -o result.o
"
"1","gcc -std=gnu99 -I/usr/share/R/include -DNDEBUG -I/usr/include/mysql -DBIG_JOINS=1  -fno-strict-aliasing    -g -DNDEBUG     -fpic  -g -O2 -fstack-protector --param=ssp-buffer-size=4 -Wformat -Werror=format-security -D_FORTIFY_SOURCE=2 -g  -c utils.c -o utils.o
"
"1","gcc -std=gnu99 -shared -L/usr/lib/R/lib -Wl,-Bsymbolic-functions -Wl,-z,relro -o RMySQL.so RMySQL-init.o connection.o db-apply.o driver.o exception.o fields.o result.o utils.o -L/usr/lib/x86_64-linux-gnu -lmysqlclient -lpthread -lz -lm -ldl -L/usr/lib/R/lib -lR
"
"2","installing to /local/data/public/RLib/RMySQL/libs
"
"2","** R
"
"2","** preparing package for lazy loading
"
"2","** help
"
"2","*** installing help indices
"
"2","** building package indices
"
"2","** testing if installed package can be loaded
"
"2","* DONE (RMySQL)
"
"2","* installing *source* package ‘interactiveDisplayBase’ ...
"
"2","** R
"
"2","** inst
"
"2","** preparing package for lazy loading
"
"2","** help
"
"2","*** installing help indices
"
"2","** building package indices
"
"2","** installing vignettes
"
"2","** testing if installed package can be loaded
"
"2","* DONE (interactiveDisplayBase)
"
"2","* installing *source* package ‘RcppArmadillo’ ...
"
"2","** package ‘RcppArmadillo’ successfully unpacked and MD5 sums checked
"
"1","checking whether the C++ compiler works... "
"1","yes
"
"1","checking for C++ compiler default output file name... a.out
"
"1","checking for suffix of executables... "
"1","
"
"1","checking whether we are cross compiling... "
"1","no
"
"1","checking for suffix of object files... "
"1","o
"
"1","checking whether we are using the GNU C++ compiler... "
"1","yes
"
"1","checking whether g++ accepts -g... "
"1","yes
"
"1","checking how to run the C++ preprocessor... "
"1","g++ -E
"
"1","checking whether we are using the GNU C++ compiler... "
"1","(cached) yes
"
"1","checking whether g++ accepts -g... "
"1","(cached) "
"1","yes
"
"1","checking whether g++ version is sufficient... "
"1","(4.8.4) yes
"
"1","checking LAPACK_LIBS... "
"1","system LAPACK found
"
"1","checking for macOS... "
"1","not found as on Linux
"
"1","checking for OpenMP... "
"1","found
"
"1","configure: creating ./config.status
"
"1","config.status: creating inst/include/RcppArmadilloConfigGenerated.h
"
"1","config.status: creating src/Makevars
"
"2","** libs
"
"1","g++ -std=gnu++11 -I/usr/share/R/include -DNDEBUG  -I""/usr/local/lib/R/site-library/Rcpp/include""   -I../inst/include -fopenmp -fpic  -g -O2 -fstack-protector --param=ssp-buffer-size=4 -Wformat -Werror=format-security -D_FORTIFY_SOURCE=2 -g -c RcppArmadillo.cpp -o RcppArmadillo.o
"
"1","g++ -std=gnu++11 -I/usr/share/R/include -DNDEBUG  -I""/usr/local/lib/R/site-library/Rcpp/include""   -I../inst/include -fopenmp -fpic  -g -O2 -fstack-protector --param=ssp-buffer-size=4 -Wformat -Werror=format-security -D_FORTIFY_SOURCE=2 -g -c RcppExports.cpp -o RcppExports.o
"
"1","g++ -std=gnu++11 -I/usr/share/R/include -DNDEBUG  -I""/usr/local/lib/R/site-library/Rcpp/include""   -I../inst/include -fopenmp -fpic  -g -O2 -fstack-protector --param=ssp-buffer-size=4 -Wformat -Werror=format-security -D_FORTIFY_SOURCE=2 -g -c fastLm.cpp -o fastLm.o
"
"1","g++ -std=gnu++11 -shared -L/usr/lib/R/lib -Wl,-Bsymbolic-functions -Wl,-z,relro -o RcppArmadillo.so RcppArmadillo.o RcppExports.o fastLm.o -fopenmp -llapack -lblas -lgfortran -lm -lquadmath -L/usr/lib/R/lib -lR
"
"2","installing to /local/data/public/RLib/RcppArmadillo/libs
"
"2","** R
"
"2","** inst
"
"2","** preparing package for lazy loading
"
"2","** help
"
"2","*** installing help indices
"
"2","** building package indices
"
"2","** installing vignettes
"
"2","** testing if installed package can be loaded
"
"2","* DONE (RcppArmadillo)
"
"2","* installing *source* package ‘hwriter’ ...
"
"2","** package ‘hwriter’ successfully unpacked and MD5 sums checked
"
"2","** R
"
"2","** inst
"
"2","** preparing package for lazy loading
"
"2","** help
"
"2","*** installing help indices
"
"2","** building package indices
"
"2","** installing vignettes
"
"2","** testing if installed package can be loaded
"
"2","* DONE (hwriter)
"
"2","* installing *source* package ‘statmod’ ...
"
"2","** package ‘statmod’ successfully unpacked and MD5 sums checked
"
"2","** libs
"
"1","gfortran   -fpic  -g -O2 -fstack-protector --param=ssp-buffer-size=4  -c gaussq2.f -o gaussq2.o
"
"1","gcc -std=gnu99 -I/usr/share/R/include -DNDEBUG      -fpic  -g -O2 -fstack-protector --param=ssp-buffer-size=4 -Wformat -Werror=format-security -D_FORTIFY_SOURCE=2 -g  -c init.c -o init.o
"
"1","gcc -std=gnu99 -shared -L/usr/lib/R/lib -Wl,-Bsymbolic-functions -Wl,-z,relro -o statmod.so gaussq2.o init.o -lgfortran -lm -lquadmath -L/usr/lib/R/lib -lR
"
"2","installing to /local/data/public/RLib/statmod/libs
"
"2","** R
"
"2","** data
"
"2","** inst
"
"2","** preparing package for lazy loading
"
"2","** help
"
"2","*** installing help indices
"
"2","** building package indices
"
"2","** testing if installed package can be loaded
"
"2","* DONE (statmod)
"
"2","* installing *source* package ‘IRanges’ ...
"
"2","** libs
"
"1","gcc -std=gnu99 -I/usr/share/R/include -DNDEBUG  -I""/local/data/public/RLib/S4Vectors/include""    -fpic  -g -O2 -fstack-protector --param=ssp-buffer-size=4 -Wformat -Werror=format-security -D_FORTIFY_SOURCE=2 -g  -c CompressedAtomicList_utils.c -o CompressedAtomicList_utils.o
"
"1","gcc -std=gnu99 -I/usr/share/R/include -DNDEBUG  -I""/local/data/public/RLib/S4Vectors/include""    -fpic  -g -O2 -fstack-protector --param=ssp-buffer-size=4 -Wformat -Werror=format-security -D_FORTIFY_SOURCE=2 -g  -c CompressedIRangesList_class.c -o CompressedIRangesList_class.o
"
"1","gcc -std=gnu99 -I/usr/share/R/include -DNDEBUG  -I""/local/data/public/RLib/S4Vectors/include""    -fpic  -g -O2 -fstack-protector --param=ssp-buffer-size=4 -Wformat -Werror=format-security -D_FORTIFY_SOURCE=2 -g  -c CompressedList_class.c -o CompressedList_class.o
"
"1","gcc -std=gnu99 -I/usr/share/R/include -DNDEBUG  -I""/local/data/public/RLib/S4Vectors/include""    -fpic  -g -O2 -fstack-protector --param=ssp-buffer-size=4 -Wformat -Werror=format-security -D_FORTIFY_SOURCE=2 -g  -c Grouping_class.c -o Grouping_class.o
"
"1","gcc -std=gnu99 -I/usr/share/R/include -DNDEBUG  -I""/local/data/public/RLib/S4Vectors/include""    -fpic  -g -O2 -fstack-protector --param=ssp-buffer-size=4 -Wformat -Werror=format-security -D_FORTIFY_SOURCE=2 -g  -c IRanges_class.c -o IRanges_class.o
"
"1","gcc -std=gnu99 -I/usr/share/R/include -DNDEBUG  -I""/local/data/public/RLib/S4Vectors/include""    -fpic  -g -O2 -fstack-protector --param=ssp-buffer-size=4 -Wformat -Werror=format-security -D_FORTIFY_SOURCE=2 -g  -c IRanges_constructor.c -o IRanges_constructor.o
"
"1","gcc -std=gnu99 -I/usr/share/R/include -DNDEBUG  -I""/local/data/public/RLib/S4Vectors/include""    -fpic  -g -O2 -fstack-protector --param=ssp-buffer-size=4 -Wformat -Werror=format-security -D_FORTIFY_SOURCE=2 -g  -c NCList.c -o NCList.o
"
"1","gcc -std=gnu99 -I/usr/share/R/include -DNDEBUG  -I""/local/data/public/RLib/S4Vectors/include""    -fpic  -g -O2 -fstack-protector --param=ssp-buffer-size=4 -Wformat -Werror=format-security -D_FORTIFY_SOURCE=2 -g  -c R_init_IRanges.c -o R_init_IRanges.o
"
"1","gcc -std=gnu99 -I/usr/share/R/include -DNDEBUG  -I""/local/data/public/RLib/S4Vectors/include""    -fpic  -g -O2 -fstack-protector --param=ssp-buffer-size=4 -Wformat -Werror=format-security -D_FORTIFY_SOURCE=2 -g  -c Ranges_class.c -o Ranges_class.o
"
"1","gcc -std=gnu99 -I/usr/share/R/include -DNDEBUG  -I""/local/data/public/RLib/S4Vectors/include""    -fpic  -g -O2 -fstack-protector --param=ssp-buffer-size=4 -Wformat -Werror=format-security -D_FORTIFY_SOURCE=2 -g  -c Ranges_comparison.c -o Ranges_comparison.o
"
"1","gcc -std=gnu99 -I/usr/share/R/include -DNDEBUG  -I""/local/data/public/RLib/S4Vectors/include""    -fpic  -g -O2 -fstack-protector --param=ssp-buffer-size=4 -Wformat -Werror=format-security -D_FORTIFY_SOURCE=2 -g  -c RleViews_utils.c -o RleViews_utils.o
"
"1","gcc -std=gnu99 -I/usr/share/R/include -DNDEBUG  -I""/local/data/public/RLib/S4Vectors/include""    -fpic  -g -O2 -fstack-protector --param=ssp-buffer-size=4 -Wformat -Werror=format-security -D_FORTIFY_SOURCE=2 -g  -c S4Vectors_stubs.c -o S4Vectors_stubs.o
"
"1","gcc -std=gnu99 -I/usr/share/R/include -DNDEBUG  -I""/local/data/public/RLib/S4Vectors/include""    -fpic  -g -O2 -fstack-protector --param=ssp-buffer-size=4 -Wformat -Werror=format-security -D_FORTIFY_SOURCE=2 -g  -c SimpleRangesList_class.c -o SimpleRangesList_class.o
"
"1","gcc -std=gnu99 -I/usr/share/R/include -DNDEBUG  -I""/local/data/public/RLib/S4Vectors/include""    -fpic  -g -O2 -fstack-protector --param=ssp-buffer-size=4 -Wformat -Werror=format-security -D_FORTIFY_SOURCE=2 -g  -c coverage_methods.c -o coverage_methods.o
"
"1","gcc -std=gnu99 -I/usr/share/R/include -DNDEBUG  -I""/local/data/public/RLib/S4Vectors/include""    -fpic  -g -O2 -fstack-protector --param=ssp-buffer-size=4 -Wformat -Werror=format-security -D_FORTIFY_SOURCE=2 -g  -c inter_range_methods.c -o inter_range_methods.o
"
"1","gcc -std=gnu99 -shared -L/usr/lib/R/lib -Wl,-Bsymbolic-functions -Wl,-z,relro -o IRanges.so CompressedAtomicList_utils.o CompressedIRangesList_class.o CompressedList_class.o Grouping_class.o IRanges_class.o IRanges_constructor.o NCList.o R_init_IRanges.o Ranges_class.o Ranges_comparison.o RleViews_utils.o S4Vectors_stubs.o SimpleRangesList_class.o coverage_methods.o inter_range_methods.o -L/usr/lib/R/lib -lR
"
"2","installing to /local/data/public/RLib/IRanges/libs
"
"2","** R
"
"2","** inst
"
"2","** preparing package for lazy loading
"
"2","Creating a generic function for ‘drop’ from package ‘base’ in package ‘IRanges’
"
"2","Creating a generic function for ‘smoothEnds’ from package ‘stats’ in package ‘IRanges’
"
"2","Creating a generic function for ‘runmed’ from package ‘stats’ in package ‘IRanges’
"
"2","Creating a generic function for ‘chartr’ from package ‘base’ in package ‘IRanges’
"
"2","Creating a generic function for ‘tolower’ from package ‘base’ in package ‘IRanges’
"
"2","Creating a generic function for ‘toupper’ from package ‘base’ in package ‘IRanges’
"
"2","Creating a generic function for ‘sub’ from package ‘base’ in package ‘IRanges’
"
"2","Creating a generic function for ‘gsub’ from package ‘base’ in package ‘IRanges’
"
"2","** help
"
"2","*** installing help indices
"
"2","** building package indices
"
"2","** installing vignettes
"
"2","** testing if installed package can be loaded
"
"1","Warning: version 0.16.0 of ‘S4Vectors’ masked by 0.14.7 in /alt/applic/user-maint/sje30/COMPBIO/RLIB/bioc-3.5
Error : package ‘S4Vectors’ 0.14.7 was found, but >= 0.15.5 is required by ‘IRanges’
Error: loading failed
Execution halted
"
"2","ERROR: loading failed
* removing ‘/local/data/public/RLib/IRanges’
"
"2","* restoring previous ‘/local/data/public/RLib/IRanges’
"
"2","installation of package ‘IRanges’ had non-zero exit status"
"2","* installing *source* package ‘KEGGgraph’ ...
"
"2","** R
"
"2","** data
"
"2","** inst
"
"2","** preparing package for lazy loading
"
"2","** help
"
"2","*** installing help indices
"
"2","** building package indices
"
"2","** installing vignettes
"
"2","** testing if installed package can be loaded
"
"2","* DONE (KEGGgraph)
"
"2","* installing *source* package ‘BiocStyle’ ...
"
"2","** R
"
"2","** inst
"
"2","** preparing package for lazy loading
"
"2","** help
"
"2","*** installing help indices
"
"2","** building package indices
"
"2","** installing vignettes
"
"2","** testing if installed package can be loaded
"
"2","* DONE (BiocStyle)
"
"2","* installing *source* package ‘KEGG.db’ ...
"
"2","** R
"
"2","** inst
"
"2","** preparing package for lazy loading
"
"2","** help
"
"2","*** installing help indices
"
"2","** building package indices
"
"2","** testing if installed package can be loaded
"
"1","Warning: multiple methods tables found for ‘Ontology’
"
"2","* DONE (KEGG.db)
"
"2","* installing *source* package ‘hgu95av2.db’ ...
"
"2","** R
"
"2","** inst
"
"2","** preparing package for lazy loading
"
"2","** help
"
"2","*** installing help indices
"
"2","** building package indices
"
"2","** testing if installed package can be loaded
"
"1","Warning: multiple methods tables found for ‘Ontology’
"
"2","* DONE (hgu95av2.db)
"
"2","* installing *source* package ‘org.Mm.eg.db’ ...
"
"2","** R
"
"2","** inst
"
"2","** preparing package for lazy loading
"
"2","** help
"
"2","*** installing help indices
"
"2","** building package indices
"
"2","** testing if installed package can be loaded
"
"1","Warning: version 1.40.0 of ‘AnnotationDbi’ masked by 1.38.2 in /alt/applic/user-maint/sje30/COMPBIO/RLIB/bioc-3.5
Error : package ‘AnnotationDbi’ 1.38.2 was found, but >= 1.39.3 is required by ‘org.Mm.eg.db’
Error: loading failed
Execution halted
"
"2","ERROR: loading failed
* removing ‘/local/data/public/RLib/org.Mm.eg.db’
"
"2","installation of package ‘org.Mm.eg.db’ had non-zero exit status"
"2","* installing *source* package ‘org.Sc.sgd.db’ ...
"
"2","** R
"
"2","** inst
"
"2","** preparing package for lazy loading
"
"2","** help
"
"2","*** installing help indices
"
"2","** building package indices
"
"2","** testing if installed package can be loaded
"
"1","Warning: version 1.40.0 of ‘AnnotationDbi’ masked by 1.38.2 in /alt/applic/user-maint/sje30/COMPBIO/RLIB/bioc-3.5
Error : package ‘AnnotationDbi’ 1.38.2 was found, but >= 1.39.3 is required by ‘org.Sc.sgd.db’
Error: loading failed
Execution halted
"
"2","ERROR: loading failed
"
"2","* removing ‘/local/data/public/RLib/org.Sc.sgd.db’
"
"2","installation of package ‘org.Sc.sgd.db’ had non-zero exit status"
"2","* installing *source* package ‘pasilla’ ...
"
"2","** data
"
"2","** inst
"
"2","** help
"
"2","*** installing help indices
"
"2","** building package indices
"
"2","Warning: namespace ‘DESeq’ is not available and has been replaced
by .GlobalEnv when processing object ‘pasillaGenes’
"
"2","** installing vignettes
"
"2","** testing if installed package can be loaded
"
"2","* DONE (pasilla)
"
"2","* installing *source* package ‘pasillaBamSubset’ ...
"
"2","** R
"
"2","** inst
"
"2","** preparing package for lazy loading
"
"2","** help
"
"2","*** installing help indices
"
"2","** building package indices
"
"2","** testing if installed package can be loaded
"
"2","* DONE (pasillaBamSubset)
"
"2","* installing *source* package ‘RNAseqData.HNRNPC.bam.chr14’ ...
"
"2","** R
"
"2","** inst
"
"2","** preparing package for lazy loading
"
"2","** help
"
"2","*** installing help indices
"
"2","** building package indices
"
"2","** testing if installed package can be loaded
"
"2","* DONE (RNAseqData.HNRNPC.bam.chr14)
"
"2","* installing *source* package ‘hgu95av2probe’ ...
"
"2","** R
"
"2","** data
"
"2","** preparing package for lazy loading
"
"2","** help
"
"2","*** installing help indices
"
"2","** building package indices
"
"2","** testing if installed package can be loaded
"
"1","Warning: multiple methods tables found for ‘Ontology’
"
"2","* DONE (hgu95av2probe)
"
"2","ERROR: dependency ‘annotate’ is not available for package ‘genefilter’
"
"2","* removing ‘/local/data/public/RLib/genefilter’
"
"2","installation of package ‘genefilter’ had non-zero exit status"
"2","ERROR: dependency ‘annotate’ is not available for package ‘geneplotter’
"
"2","* removing ‘/local/data/public/RLib/geneplotter’
"
"2","installation of package ‘geneplotter’ had non-zero exit status"
"2","* installing *source* package ‘biomaRt’ ...
"
"2","** R
"
"2","** inst
"
"2","** preparing package for lazy loading
"
"2","** help
"
"2","*** installing help indices
"
"2","** building package indices
"
"2","** installing vignettes
"
"2","** testing if installed package can be loaded
"
"2","* DONE (biomaRt)
"
"2","* installing *source* package ‘DelayedArray’ ...
"
"2","** R
"
"2","** inst
"
"2","** preparing package for lazy loading
"
"2","Error : package ‘IRanges’ 2.10.5 was found, but >= 2.11.17 is required by ‘DelayedArray’
"
"2","ERROR: lazy loading failed for package ‘DelayedArray’
"
"2","* removing ‘/local/data/public/RLib/DelayedArray’
"
"2","installation of package ‘DelayedArray’ had non-zero exit status"
"2","* installing *source* package ‘affy’ ...
"
"1","creating cache ./config.cache
"
"1","checking how to run the C preprocessor... "
"1","cc -E
checking for main in -lz... "
"1","yes
"
"1","checking for zlib.h... "
"1","yes
checking if zlib version >= 1.1.3... "
"1","yes
"
"1","updating cache ./config.cache
"
"1","creating ./config.status
"
"1","creating src/Makevars
"
"2","** libs
"
"1","gcc -std=gnu99 -I/usr/share/R/include -DNDEBUG -DHAVE_ZLIB=1  -I""/local/data/public/RLib/preprocessCore/include""    -fpic  -g -O2 -fstack-protector --param=ssp-buffer-size=4 -Wformat -Werror=format-security -D_FORTIFY_SOURCE=2 -g  -c chipbackground.c -o chipbackground.o
"
"1","gcc -std=gnu99 -I/usr/share/R/include -DNDEBUG -DHAVE_ZLIB=1  -I""/local/data/public/RLib/preprocessCore/include""    -fpic  -g -O2 -fstack-protector --param=ssp-buffer-size=4 -Wformat -Werror=format-security -D_FORTIFY_SOURCE=2 -g  -c getall_locations.c -o getall_locations.o
"
"1","gcc -std=gnu99 -I/usr/share/R/include -DNDEBUG -DHAVE_ZLIB=1  -I""/local/data/public/RLib/preprocessCore/include""    -fpic  -g -O2 -fstack-protector --param=ssp-buffer-size=4 -Wformat -Werror=format-security -D_FORTIFY_SOURCE=2 -g  -c mas5calls.c -o mas5calls.o
"
"1","gcc -std=gnu99 -I/usr/share/R/include -DNDEBUG -DHAVE_ZLIB=1  -I""/local/data/public/RLib/preprocessCore/include""    -fpic  -g -O2 -fstack-protector --param=ssp-buffer-size=4 -Wformat -Werror=format-security -D_FORTIFY_SOURCE=2 -g  -c rma2.c -o rma2.o
"
"1","gcc -std=gnu99 -I/usr/share/R/include -DNDEBUG -DHAVE_ZLIB=1  -I""/local/data/public/RLib/preprocessCore/include""    -fpic  -g -O2 -fstack-protector --param=ssp-buffer-size=4 -Wformat -Werror=format-security -D_FORTIFY_SOURCE=2 -g  -c rma_common.c -o rma_common.o
"
"1","gcc -std=gnu99 -shared -L/usr/lib/R/lib -Wl,-Bsymbolic-functions -Wl,-z,relro -o affy.so chipbackground.o getall_locations.o mas5calls.o rma2.o rma_common.o -lz -L/usr/lib/R/lib -lR
"
"2","installing to /local/data/public/RLib/affy/libs
"
"2","** R
"
"2","** data
"
"2","** demo
"
"2","** inst
"
"2","** preparing package for lazy loading
"
"2","** help
"
"2","*** installing help indices
"
"2","** building package indices
"
"2","** installing vignettes
"
"2","** testing if installed package can be loaded
"
"2","* DONE (affy)
"
"2","* installing *source* package ‘AnnotationHub’ ...
"
"2","** R
"
"2","** inst
"
"2","** preparing package for lazy loading
"
"2","** help
"
"2","*** installing help indices
"
"2","** building package indices
"
"2","** installing vignettes
"
"2","** testing if installed package can be loaded
"
"2","* DONE (AnnotationHub)
"
"2","* installing *source* package ‘GenomicRanges’ ...
"
"2","** libs
"
"1","gcc -std=gnu99 -I/usr/share/R/include -DNDEBUG  -I""/local/data/public/RLib/S4Vectors/include"" -I""/local/data/public/RLib/IRanges/include""    -fpic  -g -O2 -fstack-protector --param=ssp-buffer-size=4 -Wformat -Werror=format-security -D_FORTIFY_SOURCE=2 -g  -c IRanges_stubs.c -o IRanges_stubs.o
"
"1","gcc -std=gnu99 -I/usr/share/R/include -DNDEBUG  -I""/local/data/public/RLib/S4Vectors/include"" -I""/local/data/public/RLib/IRanges/include""    -fpic  -g -O2 -fstack-protector --param=ssp-buffer-size=4 -Wformat -Werror=format-security -D_FORTIFY_SOURCE=2 -g  -c R_init_GenomicRanges.c -o R_init_GenomicRanges.o
"
"1","gcc -std=gnu99 -I/usr/share/R/include -DNDEBUG  -I""/local/data/public/RLib/S4Vectors/include"" -I""/local/data/public/RLib/IRanges/include""    -fpic  -g -O2 -fstack-protector --param=ssp-buffer-size=4 -Wformat -Werror=format-security -D_FORTIFY_SOURCE=2 -g  -c S4Vectors_stubs.c -o S4Vectors_stubs.o
"
"1","gcc -std=gnu99 -I/usr/share/R/include -DNDEBUG  -I""/local/data/public/RLib/S4Vectors/include"" -I""/local/data/public/RLib/IRanges/include""    -fpic  -g -O2 -fstack-protector --param=ssp-buffer-size=4 -Wformat -Werror=format-security -D_FORTIFY_SOURCE=2 -g  -c transcript_utils.c -o transcript_utils.o
"
"1","gcc -std=gnu99 -shared -L/usr/lib/R/lib -Wl,-Bsymbolic-functions -Wl,-z,relro -o GenomicRanges.so IRanges_stubs.o R_init_GenomicRanges.o S4Vectors_stubs.o transcript_utils.o -L/usr/lib/R/lib -lR
"
"2","installing to /local/data/public/RLib/GenomicRanges/libs
"
"2","** R
"
"2","** inst
"
"2","** preparing package for lazy loading
"
"2","Error : package ‘IRanges’ 2.10.5 was found, but >= 2.11.16 is required by ‘GenomicRanges’
"
"2","ERROR: lazy loading failed for package ‘GenomicRanges’
"
"2","* removing ‘/local/data/public/RLib/GenomicRanges’
"
"2","* restoring previous ‘/local/data/public/RLib/GenomicRanges’
"
"2","installation of package ‘GenomicRanges’ had non-zero exit status"
"2","ERROR: dependencies ‘genefilter’, ‘geneplotter’ are not available for package ‘DESeq’
"
"2","* removing ‘/local/data/public/RLib/DESeq’
"
"2","installation of package ‘DESeq’ had non-zero exit status"
"2","* installing *source* package ‘AnnotationFilter’ ...
"
"2","** R
"
"2","** inst
"
"2","** preparing package for lazy loading
"
"2","** help
"
"2","*** installing help indices
"
"2","** building package indices
"
"2","** installing vignettes
"
"2","** testing if installed package can be loaded
"
"2","* DONE (AnnotationFilter)
"
"2","ERROR: dependency ‘DelayedArray’ is not available for package ‘SummarizedExperiment’
"
"2","* removing ‘/local/data/public/RLib/SummarizedExperiment’
"
"2","installation of package ‘SummarizedExperiment’ had non-zero exit status"
"2","* installing *source* package ‘vsn’ ...
"
"2","** libs
"
"1","gcc -std=gnu99 -I/usr/share/R/include -DNDEBUG      -fpic  -g -O2 -fstack-protector --param=ssp-buffer-size=4 -Wformat -Werror=format-security -D_FORTIFY_SOURCE=2 -g  -c init.c -o init.o
"
"1","gcc -std=gnu99 -I/usr/share/R/include -DNDEBUG      -fpic  -g -O2 -fstack-protector --param=ssp-buffer-size=4 -Wformat -Werror=format-security -D_FORTIFY_SOURCE=2 -g  -c vsn.c -o vsn.o
"
"1","gcc -std=gnu99 -I/usr/share/R/include -DNDEBUG      -fpic  -g -O2 -fstack-protector --param=ssp-buffer-size=4 -Wformat -Werror=format-security -D_FORTIFY_SOURCE=2 -g  -c vsn2.c -o vsn2.o
"
"1","gcc -std=gnu99 -shared -L/usr/lib/R/lib -Wl,-Bsymbolic-functions -Wl,-z,relro -o vsn.so init.o vsn.o vsn2.o -L/usr/lib/R/lib -lR
"
"2","installing to /local/data/public/RLib/vsn/libs
"
"2","** R
"
"2","** data
"
"2","** inst
"
"2","** preparing package for lazy loading
"
"2","** help
"
"2","*** installing help indices
"
"2","** building package indices
"
"2","** installing vignettes
"
"2","** testing if installed package can be loaded
"
"2","* DONE (vsn)
"
"2","ERROR: dependencies ‘SummarizedExperiment’, ‘genefilter’, ‘geneplotter’ are not available for package ‘DESeq2’
"
"2","* removing ‘/local/data/public/RLib/DESeq2’
"
"2","installation of package ‘DESeq2’ had non-zero exit status"
"2","ERROR: dependency ‘SummarizedExperiment’ is not available for package ‘GenomicAlignments’
"
"2","* removing ‘/local/data/public/RLib/GenomicAlignments’
"
"2","installation of package ‘GenomicAlignments’ had non-zero exit status"
"2","ERROR: dependency ‘GenomicAlignments’ is not available for package ‘rtracklayer’
"
"2","* removing ‘/local/data/public/RLib/rtracklayer’
"
"2","installation of package ‘rtracklayer’ had non-zero exit status"
"2","ERROR: dependencies ‘SummarizedExperiment’, ‘DESeq2’, ‘geneplotter’, ‘genefilter’ are not available for package ‘DEXSeq’
"
"2","* removing ‘/local/data/public/RLib/DEXSeq’
"
"2","installation of package ‘DEXSeq’ had non-zero exit status"
"2","ERROR: dependency ‘GenomicAlignments’ is not available for package ‘ShortRead’
"
"2","* removing ‘/local/data/public/RLib/ShortRead’
"
"2","installation of package ‘ShortRead’ had non-zero exit status"
"2","ERROR: dependency ‘rtracklayer’ is not available for package ‘BSgenome’
"
"2","* removing ‘/local/data/public/RLib/BSgenome’
"
"2","installation of package ‘BSgenome’ had non-zero exit status"
"2","ERROR: dependency ‘rtracklayer’ is not available for package ‘GenomicFeatures’
"
"2","* removing ‘/local/data/public/RLib/GenomicFeatures’
"
"2","installation of package ‘GenomicFeatures’ had non-zero exit status"
"2","ERROR: dependencies ‘GenomicFeatures’, ‘rtracklayer’ are not available for package ‘ensembldb’
"
"2","* removing ‘/local/data/public/RLib/ensembldb’
"
"2","installation of package ‘ensembldb’ had non-zero exit status"
"2","ERROR: dependencies ‘SummarizedExperiment’, ‘BSgenome’, ‘rtracklayer’, ‘GenomicFeatures’ are not available for package ‘VariantAnnotation’
"
"2","* removing ‘/local/data/public/RLib/VariantAnnotation’
"
"2","installation of package ‘VariantAnnotation’ had non-zero exit status"
"2","ERROR: dependency ‘BSgenome’ is not available for package ‘BSgenome.Hsapiens.UCSC.hg19’
"
"2","* removing ‘/local/data/public/RLib/BSgenome.Hsapiens.UCSC.hg19’
"
"2","installation of package ‘BSgenome.Hsapiens.UCSC.hg19’ had non-zero exit status"
"2","installation of package ‘BSgenome.Scerevisiae.UCSC.sacCer2’ had non-zero exit status"
"2","ERROR: dependency ‘BSgenome’ is not available for package ‘BSgenome.Scerevisiae.UCSC.sacCer2’
* removing ‘/local/data/public/RLib/BSgenome.Scerevisiae.UCSC.sacCer2’
"
"2","ERROR: dependency ‘GenomicFeatures’ is not available for package ‘TxDb.Athaliana.BioMart.plantsmart22’
"
"2","* removing ‘/local/data/public/RLib/TxDb.Athaliana.BioMart.plantsmart22’
"
"2","installation of package ‘TxDb.Athaliana.BioMart.plantsmart22’ had non-zero exit status"
"2","ERROR: dependency ‘GenomicFeatures’ is not available for package ‘TxDb.Dmelanogaster.UCSC.dm3.ensGene’
"
"2","* removing ‘/local/data/public/RLib/TxDb.Dmelanogaster.UCSC.dm3.ensGene’
"
"2","installation of package ‘TxDb.Dmelanogaster.UCSC.dm3.ensGene’ had non-zero exit status"
"2","ERROR: dependency ‘GenomicFeatures’ is not available for package ‘TxDb.Hsapiens.UCSC.hg19.knownGene’
"
"2","* removing ‘/local/data/public/RLib/TxDb.Hsapiens.UCSC.hg19.knownGene’
"
"2","installation of package ‘TxDb.Hsapiens.UCSC.hg19.knownGene’ had non-zero exit status"
"2","ERROR: dependency ‘BSgenome’ is not available for package ‘BSgenome.Mmusculus.UCSC.mm10’
"
"2","* removing ‘/local/data/public/RLib/BSgenome.Mmusculus.UCSC.mm10’
"
"2","installation of package ‘BSgenome.Mmusculus.UCSC.mm10’ had non-zero exit status"
"2","ERROR: dependency ‘GenomicFeatures’ is not available for package ‘TxDb.Mmusculus.UCSC.mm10.knownGene’
"
"2","* removing ‘/local/data/public/RLib/TxDb.Mmusculus.UCSC.mm10.knownGene’
"
"2","installation of package ‘TxDb.Mmusculus.UCSC.mm10.knownGene’ had non-zero exit status"
"2","ERROR: dependency ‘BSgenome’ is not available for package ‘BSgenome.Dmelanogaster.UCSC.dm3’
"
"2","* removing ‘/local/data/public/RLib/BSgenome.Dmelanogaster.UCSC.dm3’
"
"2","installation of package ‘BSgenome.Dmelanogaster.UCSC.dm3’ had non-zero exit status"
"2","ERROR: dependencies ‘SummarizedExperiment’, ‘GenomicAlignments’, ‘GenomicFeatures’, ‘VariantAnnotation’, ‘ensembldb’ are not available for package ‘biovizBase’
"
"2","* removing ‘/local/data/public/RLib/biovizBase’
"
"2","installation of package ‘biovizBase’ had non-zero exit status"
"2","ERROR: dependencies ‘rtracklayer’, ‘GenomicFeatures’, ‘BSgenome’, ‘biovizBase’, ‘GenomicAlignments’ are not available for package ‘Gviz’
"
"2","* removing ‘/local/data/public/RLib/Gviz’
"
"2","installation of package ‘Gviz’ had non-zero exit status"
"2","
"
"2","The downloaded source packages are in
	‘/tmp/RtmpWRxcxd/downloaded_packages’"
"2","
"
"2","installation path not writeable, unable to update packages: AnnotationDbi, Biobase, Biostrings, edgeR, estrogen, qvalue, S4Vectors
"
"2","Old packages: 'GenomicRanges', 'GEOquery', 'IRanges', 'org.Hs.eg.db', 'R.utils', 'XVector', 'annotate', 'BeadDataPackR', 'GenomeInfoDb',
  'GenomeInfoDbData', 'glue', 'limma', 'openssl'
"
"1","Update all/some/none? [a/s/n]: "
"0","n"
